frame,x,y,vx,vy,mode
801,98.31610772876803,282.0506981502675,-33.86772019413925,23.389731233198575,hover
802,97.83179820104166,282.67981435307433,-29.058571663594122,16.533768732831803,hover
803,97.3098213069913,283.235711492852,-31.31861364291489,12.140624951164574,hover
804,96.84195700192845,283.79783604236815,-28.071858303762347,12.514269535407529,hover
805,96.42864290627166,284.3369802756484,-24.79884573928009,11.135450561335407,hover
806,95.9659569899301,284.7815196901628,-27.761154980465086,5.459161435315276,hover
807,95.32330748060033,285.12155459086756,-38.55897055974759,-0.8111093932563938,hover
808,94.76123189153259,285.503921628099,-33.724535344016054,1.7288187983539274,hover
809,94.26242033408448,285.8686375028592,-29.928693446828333,0.6697490500829566,hover
810,93.87473462717638,286.30451826953197,-23.261142414417236,4.939642564845287,hover
811,93.52666918802919,286.759011781202,-20.883926348753217,6.056407264687745,hover
812,93.2515526709368,287.16195161634727,-16.506991025454674,2.9631866732114487,hover
813,92.87445702270794,287.62754144584403,-22.62573889363305,6.722186334307473,hover
814,92.52649895775826,288.1055613929502,-20.877483896871937,7.467993390879679,hover
815,92.1435649023278,288.4255404266619,-22.9760433258181,-2.0144614128623886,hover
816,91.84621581246878,288.7376594607757,-17.84094539152128,-2.486061388725485,hover
817,91.56141881386976,289.0355529382048,-17.08781991591166,-3.3395947898056733,hover
818,91.2514801465273,289.2231023545302,-18.596320040508267,-9.96023845601474,hover
819,90.93541629709595,289.53406310695516,-18.963830965830894,-2.555558290038845,hover
820,90.67016174180722,289.7569721320807,-15.915273317263972,-7.83866192799477,hover
821,90.29142791394722,290.0077767441398,-22.72402967153026,-6.164926711975729,hover
822,89.93345418297004,290.1403808526678,-21.478423858550354,-13.256956923829687,hover
823,89.68227796946915,290.41699790446626,-15.070572810072349,-4.616180327677235,hover
824,89.54237197213668,290.68304347055147,-8.394359839848715,-5.250469470386131,hover
825,89.46464484909976,291.1753586550459,-4.66362738221385,8.325707634097586,hover
826,89.35622443653561,291.60593330263015,-6.505224753728221,4.62127541957204,hover
827,89.2793878402436,292.0515112291942,-4.610195777499813,5.521472158287592,hover
828,89.17045497343247,292.48431026667186,-6.535972008527759,4.754738813188453,hover
829,88.99303361533586,293.0057162568416,-10.645281485754904,10.071155974643961,hover
830,88.90235014499055,293.50024279598705,-5.441008220667378,8.45838891319598,hover
831,88.87386790241943,293.93162634267736,-1.708934554205121,4.669809365893256,hover
832,88.86374542239533,294.3453004657308,-0.6073488014844213,3.6072439476107796,hover
833,88.82711931523517,294.80038335719604,-2.1975664295284503,6.0917700524031915,hover
834,88.80239339219322,295.23147856378944,-1.483555382534454,4.652508960023174,hover
835,88.87318168140897,295.7038246886841,4.247297353046016,7.127564058184229,hover
836,88.9474572503681,296.1889225273598,4.456534137551207,7.892666884975257,hover
837,89.05406315607242,296.7425392295852,6.396354342380938,12.003798698038302,hover
838,89.21208018852387,297.3495120927958,9.481021947109678,15.20516835708315,hover
839,89.5321294313998,297.8750027394564,19.20295457269763,10.316235364168428,hover
840,89.87604149263079,298.40740170967774,20.634723673902343,10.730734777740759,hover
841,90.13338305264287,298.89868911530033,15.440493600777792,8.26404090182183,hover
842,90.34571427439235,299.375243230813,12.739873305031661,7.380043495236603,hover
843,90.5220377087133,299.8549239084507,10.579406059329653,7.567637222744235,hover
844,90.70135556509297,300.2476969470887,10.759071382863334,2.3531788827684075,hover
845,90.82105234826406,300.44747654020915,7.181806990249293,-9.226427848354081,hover
846,90.9511121007875,300.69721680139634,7.803585151509119,-6.228787764263687,hover
847,91.12001628282383,301.03209841090023,10.134250922183561,-1.1203068653321706,hover
848,91.20840634632299,301.4834689322988,5.303403810073105,5.869027848432941,hover
849,91.278354669998,301.92879405429346,4.196899420524293,5.506303884127972,hover
850,91.38829141690424,302.3884864721539,6.596204814409085,6.368341636081251,hover
851,91.50112700443978,302.91327034321745,6.770135252176926,10.273828828275683,hover
852,91.58902429865951,303.3337311142299,5.273837653237824,4.014442825216065,hover
853,91.73243624267889,303.81124170152617,8.604716641226995,7.437431802252567,hover
854,91.80804480907048,304.3380156835826,4.536513983570227,10.393235487870712,hover
855,91.82855497691381,304.7350259543266,1.2306100706845098,2.6074128091294293,hover
856,91.95016666010754,305.1773864056419,7.296700991718993,5.328423643418425,hover
857,92.08413491345448,305.6820747002063,8.038095200920354,9.068094238365042,hover
858,92.15818696597906,306.13915068693746,4.443123151589033,6.2113557683833704,hover
859,92.18766119374712,306.5902356969391,1.768453666099469,5.851897164538652,hover
860,92.22994672705951,306.944819106253,2.5371319987689214,0.06180112328623899,hover
861,92.22199130455977,307.39142096989275,-0.47732534994961373,5.582908382841018,hover
862,93.41970188789811,308.7395838370078,71.86263500034661,59.67656859136491,hover
863,94.46721768677695,309.9861760387073,62.850947932785814,53.582328666440475,hover
864,95.41997384718483,311.147896483257,57.165369624538826,48.49002323746048,hover
865,96.37136107757001,312.2136570593709,57.083233823186575,42.73243113131909,hover
866,97.22349279041885,313.18221614211274,51.127902770906275,36.900341528924855,hover
867,97.98505911554206,314.11338874316846,45.693979507488805,34.65715262784135,hover
868,98.63553964759808,314.98277918728377,39.028831923358005,30.9502232113468,hover
869,99.25689556975013,315.8160728912946,37.281355329238814,28.784418805162616,hover
870,99.8569110800244,316.58426029175826,36.00093061647395,24.87804059226285,hover
871,100.48291623993968,317.1713134856312,37.56030959505312,14.009988196903064,hover
872,101.05583664863086,317.8382358031935,34.375224521507995,18.80213561819938,hover
873,101.58194449129546,318.4583561563192,31.566470560032347,15.994017752082357,hover
874,102.59088160453464,320.4299542619697,60.5362267944084,97.08268290350296,hover
875,103.44702391468256,322.3124552671142,51.368538608832885,91.73685687307128,hover
876,104.22105570758738,324.095479797942,46.441907574366546,85.76826841415404,hover
877,104.8895329538283,325.8283698811006,40.108634774432666,82.7602015539339,hover
878,105.4793012163293,327.4412981829962,35.386095750157764,75.56249467823592,hover
879,106.12279684642081,329.0252364316109,38.60973780548924,73.82309148130918,hover
880,106.74974699669231,330.466602977801,37.61700901640765,65.2687893359216,hover
881,107.29805197390196,331.79871504309625,32.89829863259779,58.7135204821584,hover
882,107.1421683220208,334.47079383290526,-9.35301911273254,139.111523953068,hover
883,107.02776884525487,336.9381595025876,-6.863968605917263,126.82873674539813,hover
884,107.00498817202434,339.12979121824145,-1.366840393783038,110.28469950369696,hover
885,106.9762906752397,341.1507125555546,-1.7218498070201478,100.04207680326068,hover
886,106.86413255864191,343.12630187234646,-6.729486995797997,97.32215557199032,hover
887,106.71633627630004,344.9521234644425,-8.86777694043328,88.33609209024718,hover
888,108.0454402404018,346.7911170409014,79.74623784619475,89.12641115202676,hover
889,109.16065246106473,348.62901652632047,66.91273323987436,89.06076568964761,hover
890,110.02449739153968,350.4663973147604,51.83069582849713,89.02964387082568,hover
891,110.80610885859427,352.1958495679898,46.8966880233944,82.55393175827724,hover
892,111.54689077020059,353.79424256987517,44.44691469639917,74.69037667756822,hover
893,112.17956539550504,355.1766222736091,37.96047751829664,61.72957878848773,hover
894,112.74666740509525,356.54694118884345,34.026120575452936,61.005931478519685,hover
895,113.36020584925693,357.7894548200744,36.8123066497511,53.337614438324366,hover
896,113.82348256103572,358.84568455890326,27.796602706787652,42.1605808942053,hover
897,114.26310293732038,359.84370771739026,26.377222577150555,38.66818607370204,hover
898,114.60728642125908,360.79087382764135,20.651009036401533,35.61676317955431,hover
899,113.71458682907473,362.61337357947525,-53.56197553096978,88.13678167453024,hover
900,112.96394597864948,364.31007435679913,-45.03845102541463,80.58884320393335,hover
901,112.2294162781258,365.9717265181793,-44.071782031310114,78.48592624731829,hover
902,111.61480966264158,367.5991682947744,-36.87639692904159,76.43330316014531,hover
903,111.04623870030024,369.14335582468823,-34.114257740349956,71.43804835935052,hover
904,110.5127934264189,370.5983958266292,-32.006716432849196,66.0891966809125,hover
905,110.00611190709017,372.08566033002126,-30.40089115968167,68.02266676798268,hover
906,109.41033415822173,373.47183610443017,-35.74666493205534,61.95734302900095,hover
907,108.80502757382541,374.8489565725645,-36.31839506371758,61.41402465253143,hover
908,108.21394734373123,376.12555440396636,-35.46481380557925,55.38266644859581,hover
909,107.633724148236,377.34432402944117,-34.813391729741475,51.91297409289864,hover
910,106.97355212538547,378.5409816465709,-39.61032137094008,50.58625359228083,hover
911,106.36978968670135,379.77845961743805,-36.22574632105433,53.035474816452265,hover
912,104.98538940361678,382.22423060834456,-83.06401698496245,125.53305601889991,hover
913,103.76579837848764,384.63644598503055,-73.17546150773512,123.51971916559916,cruise
914,102.70819687504792,387.0154229396875,-63.45609020625172,121.52541384394046,cruise
915,101.80801671063604,389.3678277184206,-54.01080986467948,119.93108328843871,cruise
916,101.05704366432701,391.6885319458882,-45.05838277838933,118.02905021259448,cruise
917,100.45092583074187,393.9830970405992,-36.36707001505551,116.46070224712912,cruise
918,99.98020470547463,396.25143942320693,-28.24326751597105,114.88733952093978,cruise
919,99.63913521040288,398.49455036648146,-20.464169704231978,113.3734531609545,cruise
920,99.41810593174318,400.7068030388914,-13.261756719608037,111.52195690900734,cruise
921,99.31044029109118,402.89021686888765,-6.45993843902671,109.7916263642708,cruise
922,99.31664836148401,405.0488849872774,0.3724842235638654,108.30688366781149,cruise
923,99.43175123468785,407.18437043717296,6.906172392344006,106.91592355824389,cruise
924,99.64847495139041,409.2977556595541,13.003423002167946,105.58990990731142,cruise
925,99.96061038752907,411.3906763597822,18.72812616845329,104.36203857821,cruise
926,100.3621601031055,413.46562289444466,24.09298293462005,103.2835886442014,cruise
927,100.84407341886083,415.5234666485645,28.914798945365042,102.25742181165229,cruise
928,101.40992984555983,417.5557608056441,33.95138560199469,100.72444598924545,cruise
929,102.04787918335794,419.5643326989939,38.276960267950834,99.30111016546404,cruise
930,102.76094046958151,421.5550162488716,42.783677173489295,98.22780955714495,cruise
931,103.54686806001173,423.5267777325344,47.15565542589776,97.09248558425908,cruise
932,104.39946017945485,425.4760825331693,51.15552716668153,95.74508460258967,cruise
933,105.31621075740519,427.4102568662575,55.005034677125494,94.83725654979705,cruise
934,98.9849199331147,427.6029761516647,-379.8774494573144,-9.650046311056052,saccade
935,92.97019365004029,427.80373714233224,-360.88357698444867,-9.167543995503248,saccade
936,87.25620368111942,428.01213775299595,-342.8393981352262,-8.709166795728086,saccade
937,81.8279132106444,428.22779600265596,-325.69742822846484,-8.273708455941682,saccade
938,76.81651202917378,428.443346412129,-300.6840708881911,-8.280178867153888,hover
939,72.26789990864536,428.71394563585716,-272.9167272316492,-4.977250011840102,hover
940,68.10031100956083,429.0954830895008,-250.05533394500577,1.6790437830973994,hover
941,64.25524834417381,429.520022634131,-230.70375992314536,4.259169242294959,hover
942,60.81861725337401,429.9710202149727,-206.1978654479019,5.846651414994904,hover
943,57.73065845771899,430,-185.27752773931385,-7.436189215953162,hover
944,55.01928698073248,430,-162.68228861908403,-12.292903579089916,hover
945,52.503876902732245,430,-150.9246046800071,-0.8784095450649794,hover
946,50.144308306340776,430,-141.57411578336175,-2.6847893023152136,hover
947,50,430,127.27667258227677,-7.603876895874096,hover
948,51.94716655699354,430,116.8299934197587,-10.312583760714826,hover
949,53.677200228551435,430,103.80202029352134,-10.689412748231408,hover
950,55.23438629773193,430,93.43116415088704,-14.4258553881325,hover
951,56.74902470458545,430,90.87830441127895,-11.014161259471908,hover
952,58.19420929428593,430,86.71107538199718,-4.29154263568012,hover
953,59.529563437469285,430,80.12124859108896,-1.711966338826116,hover
954,60.76713199014617,430,74.25411316060153,-2.469430001560516,hover
955,63.31771766674148,429.7460859889383,153.03514059582636,-36.44804409919415,hover
956,65.65271129880497,429.6378617543532,140.0996179238182,-27.70665751067168,hover
957,67.77669001077886,429.475663585078,127.43872271856144,-30.945093591990492,hover
958,69.67057144396263,429.3793435532801,113.63288599105451,-26.992405343423492,hover
959,71.34140541761771,429.1997925020973,100.2500384194525,-31.98626650643216,hover
960,72.90710051231284,429.1122315678024,93.94170568175635,-26.466859493229514,hover
961,73.12588722454505,428.158557774269,13.127202733991595,-78.43363104752899,hover
962,73.30573107732198,427.41440766690147,10.790631166793666,-65.86220987749499,hover
963,73.47133073265849,426.62173794877094,9.93597932016043,-68.77338652342081,hover
964,73.52321303539706,426.0734834617673,3.1129381644034257,-54.10847265572622,hover
965,73.50419340582725,425.7020533634316,-1.1411777740894173,-43.49900933563929,hover
966,73.42580066566174,425.42778252143665,-4.703564409930208,-37.66945395526576,hover
967,73.44896912713513,425.148729948758,1.3901076884133836,-37.956357796280976,hover
968,73.45937472569028,424.88300496762855,0.624335913438109,-37.15670230324368,hover
969,73.35755112270427,424.70837702413866,-6.10941617902146,-31.690880044864528,hover
970,73.32697785014989,424.53768957032236,-1.8343963533316883,-31.454450664596706,hover
971,73.33086612449489,424.383646004686,0.23329646075073196,-30.45581737371496,hover
972,73.37419334986738,424.33318454525977,2.5996335224099703,-24.240891001099676,hover
973,73.41926726040609,424.3581636398908,2.704434632502034,-19.714457757580647,hover
974,73.42119182599151,424.269795086279,0.11547393509684856,-26.515316652298942,hover
975,73.34432176048517,424.167798539976,-4.612203930289835,-27.33299621368316,hover
976,73.2518830582366,424.0500496141532,-5.546322134813304,-28.27813898486546,hover
977,73.11497483149832,423.98591721268247,-8.214493604185986,-25.061147523733204,hover
978,73.07634298688181,423.9617920174265,-2.3179106769786335,-22.660715150918552,hover
979,73.06616661128984,423.897415420357,-0.6105825354963104,-25.075799259724057,hover
980,73.10015469235681,423.8295030138178,2.0392848641584034,-25.287947827820112,hover
981,73.1335751415762,423.9056971537567,2.005226953096001,-16.64155503928569,hover
982,73.06456846452977,424.00977010966125,-4.140400622733878,-14.968826081260854,hover
983,72.92583192712824,424.14949141376604,-8.324192244029962,-12.829925189238828,hover
984,72.76988442004509,424.28047255340755,-9.35685042480812,-13.354335056950148,hover
985,72.69222968903772,424.324249283689,-4.659283860469794,-18.58659961870044,hover
986,72.61571875450025,424.25746697229255,-4.590656072264859,-25.220142119371026,hover
987,72.59330563629234,424.19091463876435,-1.3447870923723042,-25.20634344719019,hover
988,72.5982309000485,424.12213581607693,0.2955158254818966,-25.33993279673386,hover
989,72.69713188677912,424.1025983129833,5.934059203850202,-22.385453621178108,hover
990,72.94593951121962,422.6366522549301,14.92845746645288,-109.16996691874382,hover
991,73.0621739067145,421.424915623639,6.974063729835514,-93.91740131293577,hover
992,73.18232359506011,420.35837633302714,7.2089813008891355,-85.20556087217179,hover
993,73.34110891880728,419.48917594582906,9.527119424883189,-73.3652266674153,hover
994,73.51878992278564,418.6075907962408,10.660860238765107,-74.10831241082158,hover
995,73.6326688486327,417.7242659138202,6.832735550897189,-74.21269638075375,hover
996,74.9530288677643,417.57142920658595,79.22160114786988,-30.38340586964234,hover
997,76.18777760629739,417.47460633103435,74.08492431196929,-27.022575968675987,hover
998,77.39028690273538,417.3863725777294,72.15055778638343,-26.507228633793023,hover
999,78.44066131043812,417.4261137619241,63.022464462277725,-18.828732383805956,hover
1000,77.98291399428616,417.21685631582466,-27.464838969102694,-33.76865020152726,hover
1001,77.53158719330445,417.11861555484353,-27.079608058878733,-27.107649094420417,hover
1002,77.14339739937127,417.0271834553221,-23.291387635846714,-26.69912940675352,hover
1003,76.7547527435773,417.03183005536164,-23.318679347484025,-20.934407433087657,hover
1004,76.43678892583358,417.15017599227093,-19.07782906467736,-14.112447221049628,hover
1005,76.14938638859734,417.4057080135572,-17.24415223411021,-5.881282158347675,hover
1006,75.76376781315578,417.767136909913,-23.137114526418404,0.4725303458319532,hover
1007,75.32426044656596,418.05305223471987,-26.370441995195577,-4.058283947021376,hover
1008,74.87435949127095,418.38410645639465,-26.99405731771467,-1.3499501350938607,hover
1009,74.46006559506552,418.7512159994484,-24.857633772221504,0.813369147728995,hover
1010,74.18605282255038,419.2181726622894,-16.44076635079258,6.80419633497215,hover
1011,73.8017072421524,419.75737117850804,-23.06073482386297,11.138707537559066,hover
1012,73.45192797449091,420.2265637783579,-20.98675605966305,6.938352555440586,hover
1013,73.16210638879798,420.6714311063818,-17.389295141540302,5.47883624589169,hover
1014,72.88898534686292,421.0400578909294,-16.387262515947672,0.9044036373966948,hover
1015,72.65722945849357,421.30550783369176,-13.905353302213612,-5.286206869865578,hover
1016,72.4176877594248,421.5212084881808,-14.372501944060488,-8.27116416618179,hover
1017,72.19840874676181,421.7443876538368,-13.156740759702444,-7.822453496153685,hover
1018,71.99687677201428,421.903157088715,-12.091918484657096,-11.687037342737863,hover
1019,71.81038321793524,422.1620995676534,-11.189613244754865,-5.676654699271489,hover
1020,71.67684656700179,422.3686875498019,-8.012199056009905,-8.817924506661463,hover
1021,71.50734833984858,422.6837155898984,-10.16989362907578,-2.31152102969744,hover
1022,71.21924941855592,423.0223609507911,-17.28593527743275,-0.8944817819152937,hover
1023,70.88079139886783,423.35727008775444,-20.30748118125811,-1.1186552177472215,hover
1024,70.59657283186623,423.6379074468343,-17.05311402005812,-4.374961890751733,hover
1025,70.31803011067018,423.90919098141023,-16.712563271606278,-4.936191360900328,hover
1026,69.35822028858979,425.51988053056266,-57.58858932487509,75.42816951354165,hover
1027,68.35739093558014,427.0456776636407,-60.04976118051087,70.33462454915811,hover
1028,67.4258378752661,428.3835560661372,-55.89318361876481,59.059500714276325,hover
1029,66.64128864654164,429.6411638236286,-47.07295372337997,54.243262013974324,hover
1030,65.93186438298805,430,-42.56545581322666,-47.4078964360141,hover
1031,65.20907751665132,429.57307992090057,-43.36721198020471,-46.828408181537455,hover
1032,64.60855732301592,429.23129924891714,-36.03121161800634,-41.72004375449016,hover
1033,63.98187276137018,428.9701429890725,-37.60107369861618,-36.882579026158,hover
1034,63.401417704753996,428.8733234474373,-34.82730339694166,-27.02237593366031,hover
1035,62.866072818070215,428.8364490816873,-32.12069320098773,-23.42566538054291,hover
1036,62.29635893160123,428.81651877702154,-34.18283318798063,-22.409021715402368,hover
1037,61.89805324255244,428.78315775294504,-23.898341342758993,-23.21486488004155,hover
1038,61.48394293355759,428.7585817433689,-24.84661853973081,-22.68776401016641,hover
1039,61.13599587549631,428.7849437173341,-20.876823483597388,-19.631484997601575,hover
1040,60.77799445433819,428.83303723903094,-21.480085269398007,-18.32759213369389,hover
1041,60.367771680091934,428.98330221966677,-24.613366454785258,-12.197304597428245,hover
1042,59.98982868843013,429.1091816250426,-22.676579499708055,-13.66043911301828,hover
1043,59.656214685603096,429.27168872548447,-20.016840169502657,-11.462777408972824,hover
1044,59.43955706059623,429.40805158768524,-12.999457500173484,-13.031431703353366,hover
1045,59.09255615832081,429.5658893114229,-20.820054136494583,-11.742940011288173,hover
1046,58.853577624480295,429.67252695486,-14.338712030390516,-14.814944829314562,hover
1047,58.578464517866685,429.7779111315532,-16.506786396765996,-14.89015283394201,hover
1048,58.276145641447705,429.84801646176976,-18.139132585078052,-17.00688362253369,hover
1049,58.04883126493567,429.9514527353105,-13.638862590651279,-15.007027023074503,hover
1050,57.87234183392664,430,-10.589365860461246,-9.82054472106233,hover
1051,57.70613174439418,430,-9.972605371856787,-4.2219180007940995,hover
1052,57.53476148419933,430,-10.282215611590008,-0.48605335861020293,hover
1053,57.388043199087754,430,-8.803097106583737,-2.07121075276646,hover
1054,57.7054117706613,428.9110515157825,19.042114294533736,-86.5501124885333,hover
1055,57.97162903826762,427.97509766289716,15.973036056510276,-77.3704346085982,hover
1056,58.051745511286676,427.2815915880753,4.806988381066043,-62.82356792493653,hover
1057,58.1268455127049,426.8029516560695,4.506000085026015,-49.93159935596344,hover
1058,58.1371000162743,426.4477139250757,0.6152702143254438,-42.527467295084726,hover
1059,58.06818611521714,426.11329676508956,-4.134834063258554,-41.27823303461625,hover
1060,57.95643300063138,425.88374007325604,-6.705186875182736,-34.98660494560607,hover
1061,57.79135224016418,425.7162643734405,-9.904845628058728,-31.261745424521074,hover
1062,57.717926144085084,425.5978431851716,-4.405565764544318,-28.31847473155969,hover
1063,57.66047021218245,425.4547047248029,-3.4473559139461716,-29.80151105754083,hover
1064,57.60378061863442,425.35044703697764,-3.401375612879053,-27.46866470508411,hover
1065,57.53079885650163,425.31461154113435,-4.378905727953509,-23.363333186155597,hover
1066,57.398423072779664,425.2690112680754,-7.942547023294605,-23.94921981909033,hover
1067,57.18921208235788,425.30503049235534,-12.552659425055625,-19.052049978596948,hover
1068,56.946074513964845,425.37638695244175,-14.588254103538505,-16.93181583035392,hover
1069,56.60480286925492,425.4810492255426,-20.476298682542012,-14.93346704948061,hover
1070,56.24818878753496,425.5210996574597,-21.39684490313402,-18.810177520499472,hover
1071,55.905514891135525,425.4478046974962,-20.560433783892183,-25.610901033325142,hover
1072,55.66982119437398,425.41323624006515,-14.141621805609125,-23.28731088137598,hover
1073,55.42009248016286,425.33999771398845,-14.983722852573507,-25.607515000103604,hover
1074,55.29543128073514,425.34882114528307,-7.479671965559584,-20.6837975578189,hover
1075,55.09200296760147,425.3200825750065,-12.205698788124339,-22.937517652236973,hover
1076,54.79304358153334,425.3574664251348,-17.93756316396394,-18.97017242778302,hover
1077,54.5387797980692,425.38852236206094,-15.2558270077143,-19.349847219907907,hover
1078,54.26376181383558,425.436234400099,-16.5010790538733,-18.350481153182546,hover
1079,54.101763876702684,425.45207157622144,-9.719876228037766,-20.262972868267774,hover
1080,53.88147531885211,425.4857824299849,-13.217313471088397,-19.190552209800547,hover
1081,53.789250591367164,425.62949657474087,-5.533483648922739,-12.590354750087108,hover
1082,53.81587878230404,425.80341518032816,1.597691456396979,-10.778087100202242,hover
1083,53.82358763583713,426.10133734590244,0.4625312119613938,-3.337873501130229,hover
1084,53.85626008599397,426.38726715879017,1.9603470093966662,-4.057414662316731,hover
1085,53.882354027535925,426.6619648141702,1.5656364927313458,-4.731344112618423,hover
1086,53.825817424233996,427.054042340849,-3.3921961981095805,2.3114481651626555,hover
1087,53.722999712689926,427.3039846539751,-6.169062692627779,-6.216664647992317,hover
1088,53.50849770958493,427.58475961790623,-12.870120186273443,-4.366705599680914,hover
1089,53.17410928288223,427.892131854874,-20.06330560212593,-2.7708692174773164,hover
1090,52.845043309247714,428.2256985441475,-19.743958418024164,-1.1992020791225768,hover
1091,52.606982378878705,428.6594067948494,-14.28365582208389,4.809291606586138,hover
1092,52.34059768101107,429.0743084063406,-15.983081871991743,3.68089325394877,hover
1093,51.94205090576735,429.4561553999685,-23.912806514546403,1.6976161821597804,hover
1094,51.565930031360274,429.88229186148465,-22.567252464338257,4.35498425546068,hover
1095,51.295306328708,430,-16.2374221590395,-14.417071397285657,hover
1096,51.06018500336653,430,-14.107279520381779,-13.893668823619025,hover
1097,50.8536182912576,430,-12.394002726418938,-9.937680879171378,hover
1098,50.65117833866619,430,-12.146397155575483,-0.6212234941478911,hover
1099,50.45834188577044,430,-11.570187173608517,-0.04449901816030366,hover
1100,50.190160814389756,430,-16.09086428269373,-3.467667485381427,hover
1101,50,430,18.439833363338558,-0.6003875931342146,hover
1102,50.3249712446632,430,19.4982746797412,-1.5740640126519376,hover
1103,50.646727686302434,430,19.30538649853116,-1.622762503699858,hover
1104,50.960717698853124,430,18.839400753228407,-5.194261365016851,hover
1105,51.382591226662406,430,25.312411668535898,-0.7532051074956811,hover
1106,51.705991154181476,430,19.403995651133116,-6.978788551520525,hover
1107,52.05081213731971,430,20.68925898829331,-2.8028703148226555,hover
1108,52.34566099564627,430,17.690931499820874,-2.648058667414296,hover
1109,52.59958150065415,430,15.235230300492175,-3.9030414745480586,hover
1110,52.816919418275454,430,13.040275057307099,-10.073465584559244,hover
1111,53.147617812192244,430,19.841903635046947,-11.893679221425778,hover
1112,53.509247210053545,430,21.69776387194553,-12.960342981610202,hover
1113,53.814935351949956,430,18.341288513844255,-10.11566418270679,hover
1114,54.13215614210802,430,19.033247409553464,-6.677163017664734,hover
1115,54.37198989508538,430,14.390025178720776,-2.0790681092901426,hover
1116,58.064339174040576,430,221.5409567371834,-308.7387317587047,saccade
1117,61.57207098904432,425.4651901377455,210.4639089003242,-293.3017951707695,saccade
1118,64.90441621329762,421.17479843813317,199.94071345530799,-278.636705412231,saccade
1119,68.070144176338,417.11660399303094,189.94367778254258,-264.70487014161944,saccade
1120,71.07758574122974,413.2789969397158,180.44649389341544,-251.46962663453846,saccade
1121,73.94804315945981,409.7799012367111,172.2274450939443,-231.15894561575058,cruise
1122,76.69072362302667,406.5981185792444,164.56082781416137,-212.12016288346672,cruise
1123,79.31477715626777,403.71755814643655,157.4432119946259,-194.04682940392627,cruise
1124,81.82272529635303,401.125814804618,150.4768884050678,-176.71780394471622,cruise
1125,84.21483593854882,398.80746548793405,143.526638531709,-160.31416243663278,cruise
1126,86.50563298273931,396.7469523850393,137.4478226516204,-144.8439896091188,cruise
1127,88.69127707888443,394.9275399017948,131.13864576890677,-130.37795243010189,cruise
1128,90.77688302036584,393.3478146114056,125.13635648887679,-115.99672085892311,cruise
1129,92.77383290498264,391.99018011099577,119.81699307700958,-102.67127346015958,cruise
1130,94.68462643603007,390.8452076548889,114.64761186307607,-89.91155080181777,cruise
1131,96.50888647460087,389.9034302569398,109.45560231426984,-77.71984731249921,cruise
1132,98.25261924896638,389.1504740405098,104.62396646196295,-66.39057642134873,cruise
1133,99.91387597029167,388.5798394848775,99.67540327955912,-55.451276773478625,cruise
1134,101.50036163374064,388.1784564334885,95.1891398069908,-45.2961865188692,cruise
1135,103.0128598196418,387.93611082872917,90.7498911541323,-35.753939721086155,cruise
1136,104.45707949218381,387.84797788089355,86.6531803525924,-26.50118030565471,cruise
1137,105.83725130989818,387.90792212603577,82.81030906294455,-17.61654872697848,cruise
1138,107.15539772147316,388.1124475566359,79.08878469459206,-8.941677599494469,cruise
1139,108.4169882217569,388.4473849796111,75.69543001712685,-1.116958056984241,cruise
1140,109.62278247166647,388.9042369288341,72.34765499468705,6.1979135178888605,cruise
1141,110.77717303758783,389.4868849802827,69.26343395540441,13.745679651432816,cruise
1142,111.8813013190336,390.18341659308146,66.2476968868789,20.578693332450026,cruise
1143,112.93289041413439,390.9873220203717,63.095345705972456,27.021122201791812,cruise
1144,113.93898712714872,391.89763578591993,60.365802781012825,33.40562249743267,cruise
1145,114.89924561762881,392.90274038518993,57.61550942896785,39.093072520744734,cruise
1146,115.81529797857452,393.9972117497532,54.96314165669735,44.455078438194874,cruise
1147,116.68993591634523,395.175923776062,52.47827626620732,49.50951814293274,cruise
1148,117.5267506503952,396.43585718733135,50.208884043191006,54.38280124072964,cruise
1149,118.32699520974961,397.7735174954147,48.0146735614679,59.04641504957417,cruise
1150,119.09326224541685,399.18731076411285,45.97602214002947,63.61439268631557,cruise
1151,119.82266832576694,400.66708636322886,43.764364821010126,67.57333251139396,cruise
1152,120.52246956297198,402.2089699554938,41.98807423231739,71.29981210033594,cruise
1153,121.18907129205736,403.8138637720159,39.99610374536612,75.080425555931,cruise
1154,121.82494352023117,405.4797355000381,38.15233369046379,78.73910024578623,cruise
1155,122.43512850984179,407.2017293637932,36.61109937668208,82.1064283897693,cruise
1156,123.02254151678811,408.98116787460117,35.24478041683413,85.55310721294713,cruise
1157,123.58191591960983,410.8097645723512,33.562464169368624,88.50259842947791,cruise
1158,124.12060033512742,412.68549914096843,32.32106493113098,91.33087068151956,cruise
1159,124.6314233209425,414.60557596830364,30.649379148990096,93.99140620460284,cruise
1160,125.12574443523978,416.5699425624024,29.659266857932288,96.64879221042482,cruise
1161,125.59631343651095,418.57802712612914,28.23414007615761,99.27187038795604,cruise
1162,126.04396903279842,420.62801510946537,26.859335777363583,101.78607556468468,cruise
1163,126.47309754395003,422.71854596892666,25.7477106692225,104.21864813219646,cruise
1164,126.89008474996683,424.8509640770793,25.01923236114377,106.73188305368413,cruise
1165,127.28831924192848,427.0245702671923,23.89406951762651,109.20316797115831,cruise
1166,127.57583369751876,428.9672184552643,17.25086733535453,95.34568784870557,hover
1167,127.85839825977628,430,16.9538737356172,-89.2847799918587,hover
1168,128.09304358436566,429.0245996958543,14.078719475538296,-79.73722168418598,hover
1169,128.33801316993865,428.1794533951568,14.698175134347686,-71.92198147743986,hover
1170,128.58923240666945,427.44975393279003,15.073154203826347,-64.99517117759342,hover
1171,128.82936643333986,426.79608765841994,14.408041600429627,-60.433179897628534,hover
1172,128.994998019731,426.19492068583327,9.937895183685864,-57.28322179061809,hover
1173,129.24374770952267,425.63812512303076,14.92498138750772,-54.62093720371413,hover
1174,129.585182256629,425.06540692321454,20.486072826397518,-55.57629542453087,hover
1175,129.80452894778497,424.59356954277814,13.160801469386808,-49.52344626173452,hover
1176,130.01052863070512,424.17779003257795,12.359980975247513,-46.159974047552446,hover
1177,130.14126785961042,423.7821293743701,7.844353734366619,-44.95284292800847,hover
1178,130.31697487207148,423.4566089909336,10.542420747720996,-40.744426441716875,hover
1179,130.53070045506743,423.1612329771188,12.82353497982465,-38.93576426440804,hover
1180,130.7926201368675,422.79034280113535,15.715180908083077,-43.46661399452057,hover
1181,131.05697130243055,422.4939038509175,15.861069933871667,-38.99954044857798,hover
1182,131.3526615119324,422.1591806142025,17.74141257020997,-41.29659763839918,hover
1183,131.53664927675572,421.9407586667506,11.039265889507135,-34.31852028260837,hover
1184,131.57687535585563,421.69362060164747,2.4135647458944476,-36.041487341827306,hover
1185,131.6707411328352,421.5211969388698,5.6319466189026794,-31.5586232021384,hover
1186,131.768729952049,421.41389520795036,5.879329152967687,-27.651307290638243,hover
1187,131.83739311534447,421.27266010945175,4.1197897978764395,-29.687309345379667,hover
1188,131.93157114073236,421.14135588139055,5.650681523214009,-29.09145711928342,hover
1189,131.09605727638794,419.9144405738925,-50.130831860496734,-94.82812188533478,hover
1190,130.29671548159294,418.76207172234956,-47.960507687520625,-90.35533452801809,hover
1191,129.51340430235746,417.6695276196745,-46.99867075415885,-86.7658495960917,hover
1192,128.79908811298748,416.734436474618,-42.85897136221739,-77.31867213897277,hover
1193,128.14793368114533,415.9086462675032,-39.06926591053826,-70.76061586246585,hover
1194,127.60425881972925,415.19901543460105,-32.6204916847455,-63.79105340954291,hover
1195,127.15554840926686,414.370296593577,-26.9226246277329,-70.93633389700462,hover
1196,126.92530155601027,413.60623610739464,-13.814811195374716,-67.05683260649553,hover
1197,126.7791338206398,412.9448309478846,-8.77006412219749,-60.89751300614741,hover
1198,126.62222948172504,412.3137694476728,-9.414260334626217,-59.076893448091454,hover
1199,126.4255552396973,411.7941500405538,-11.800454521612966,-52.39036786267605,hover
1200,126.25477333544988,411.4866362164616,-10.246914254783952,-39.66403288105699,hover
1201,126.07751866586722,411.1518023700592,-10.635280174888546,-41.30323421966294,hover
1202,126.02730763241199,410.84134571332936,-3.012662007232021,-39.84060283930211,hover
1203,125.92153715509637,410.52662865026366,-6.346228638845765,-40.09622721944788,hover
1204,125.77903916983475,410.33871769137863,-8.5498791155959,-32.48786096859772,hover
1205,125.66444647451979,410.19772768284463,-6.875561718785631,-29.672603947529378,hover
1206,125.65946100717765,410.0894064524886,-0.29912804062523346,-27.712477256997513,hover
1207,125.67298143256284,410.1271013209355,0.8112255232422159,-18.951511328665287,hover
1208,124.23095947595952,410.4432665740135,-86.52131739605713,-2.2432882507883853,hover
1209,122.88736037652959,410.7690452742279,-80.61594596564478,-1.6664814225970725,hover
1210,121.56678783042585,411.0918017253355,-79.23435276628058,-1.8478163691540574,hover
1211,120.35903301991686,411.447133856716,-72.46528863058566,0.10672444723072694,hover
1212,119.35212649922656,411.84136533287165,-60.414391241236345,2.440685133897636,hover
1213,118.40394158906099,412.1241747987254,-56.89109460974219,-4.244635484209645,hover
1214,117.6674151893543,412.4473098670119,-44.19158398241791,-1.8250993383928646,hover
1215,116.97906334235205,412.7535684657508,-41.30111082014125,-2.8376875112398205,hover
1216,116.32643024529595,413.20938482350454,-39.15798582314366,6.135778029812851,hover
1217,115.69178049513691,413.7236925011866,-38.07898500931004,9.645257225516648,hover
1218,115.06743140519364,414.2102562857813,-37.46094539657234,7.980623640132061,hover
1219,114.4555847008757,414.6805023027041,-36.71080225904257,7.001557579822586,hover
1220,113.87730152556504,415.2500846036061,-34.69699051859582,12.961734618582952,hover
1221,113.46299335589903,415.8815960259312,-24.858490179906518,16.67748190397089,hover
1222,113.19544661651021,416.56360353339,-16.052804363265523,19.707247012004068,hover
1223,112.98855504846654,417.2081675302495,-12.41349408254646,17.460636376054836,hover
1224,112.84141565518956,417.8745705658744,-8.828363596534404,18.770978701984525,hover
1225,113.65066867460119,419.822922417166,48.555181164792074,95.68790764199221,hover
1226,114.4246969432829,421.6495834956552,46.44169612100675,88.38646127385451,hover
1227,115.14694828122329,423.34110544737496,43.3350802765376,80.2781136676986,hover
1228,115.76158271192227,425.0042725898101,36.878065842063656,78.57682511062904,hover
1229,116.39602721075403,426.51059949068485,38.066669929821195,69.16641061685628,hover
1230,117.09715065495598,427.8196535300111,42.06740665226214,57.33003892410758,hover
1231,117.70617296699879,428.9547864037747,36.54133872272339,46.8947689903532,hover
1232,118.35940136562593,430,39.19370391779309,-49.73859394675683,hover
1233,118.8990456886788,429.55622130484903,32.37865938312846,-47.83992514465905,hover
1234,119.2974165391772,429.22552625779605,23.902251030089253,-41.05490625861803,hover
1235,119.69314984631299,429.02986523545076,23.743998428341936,-32.95286477614833,hover
1236,119.90485946022561,428.9320862470796,12.702576834743954,-27.079942737847034,hover
1237,120.24515522202029,428.85740730704674,20.417745707677344,-25.69393983754395,hover
1238,120.55859785905925,428.7957154961767,18.806558222344393,-24.914712087769583,hover
1239,120.75200465254275,428.768159911144,11.604407609244944,-22.866538537365717,hover
1240,120.92837524122108,428.65259707155684,10.582235320726344,-28.146973810779873,hover
1241,121.0646378397479,428.5737772655445,8.175755911646602,-25.94239179628456,hover
1242,121.13948204918327,428.6503855213925,4.490652566168805,-16.61670808465607,hover
1243,121.22882375760173,428.74331234617387,5.360502505164118,-15.637593948647362,hover
1244,121.30520919461878,428.8846815039338,4.5831262210903345,-12.731053969927707,hover
1245,121.25489334672466,429.10680635883614,-3.018950873570449,-7.885712141374734,hover
1246,119.70793507137064,429.6640490939768,-92.81749652115371,12.221360672932331,hover
1247,118.35106236744116,430,-81.4123622356714,-13.403033316144956,hover
1248,117.032931581058,430,-79.08784718288267,-10.376767230150959,hover
1249,115.82769236716416,430,-72.31435283351249,-12.668203013231494,hover
1250,114.65653157503345,430,-70.26964752771505,-9.67016283273301,hover
1251,113.63825079499095,430,-61.096846802631326,-11.733364129666864,hover
1252,112.89994739055382,430,-44.298204266298924,-12.293034455204612,hover
1253,112.27121352718562,430,-37.72403180193398,-10.558022972207215,hover
1254,111.7655420571491,430,-30.340288202023693,-7.289067201906191,hover
1255,111.44222091582827,430,-19.3992684792907,-8.151420538557325,hover
1256,111.10071390093657,430,-20.49042089353293,-5.224582513458866,hover
1257,110.71748491374164,430,-22.993739231497756,-4.678783722419222,hover
1258,110.41036656588983,430,-18.427100870901032,-4.853499881232984,hover
1259,110.15529109307269,430,-15.304528369028414,-4.043500844293279,hover
1260,109.89816983151658,430,-15.427275693356684,-4.211683889950031,hover
1261,110.49549004556793,430,35.83921284310067,-68.58621283724239,hover
1262,112.11462441176108,430,97.14806197183738,-6.084229791995753,hover
1263,113.52935206483302,430,84.88365918435585,-3.102504971191827,hover
1264,114.81873764028927,430,77.36313452742475,-5.828160235430749,hover
1265,116.07646155817955,430,75.46343507347662,-17.010955267519883,hover
1266,117.34752953958133,430,76.26407888417698,-16.60946423068939,hover
1267,118.47947019774257,430,67.91643948975464,-7.219581987274669,hover
1268,119.4590708033115,430,58.77603633422609,-7.366629997856553,hover
1269,120.31525570230554,430,51.37109393974202,-3.5418445918488506,hover
1270,120.91088249407561,430,35.73760750609659,-4.756584603388809,hover
1271,121.38684041939699,430,28.557475519403546,-1.4455868694270757,hover
1272,121.78766033167558,430,24.049194736845475,-0.5752029901847429,hover
1273,122.21697393598976,430,25.75881625899039,-1.7279040881681915,hover
1274,122.71405863537753,430,29.82508196319857,-0.26321490606065256,hover
1275,123.2139952517682,430,29.996196983600786,-7.582532064437911,hover
1276,123.69961205287701,430,29.137008066699572,-10.335500620484865,hover
1277,124.18820647396021,430,29.315665265171823,-10.29481928775428,hover
1278,124.55530382434728,430,22.025841023196133,-8.453393736972972,hover
1279,124.94445186550277,430,23.34888246931185,-1.2248664403854814,hover
1280,125.21905876189972,430,16.476413784027518,-0.7592097360054859,hover
1281,125.30656974838782,430,5.250659189288539,-2.0192262592857073,hover
1282,125.34539995715421,430,2.329812525996637,-0.494444370959656,hover
1283,125.48514889236698,430,8.384936112788871,-0.11261024139175246,hover
1284,125.54988375307866,430,3.8840916429520824,-3.844564291829157,hover
1285,125.64030461928078,430,5.4252519721704875,-0.5187489183721024,hover
1286,125.81027448076047,430,10.198191688833525,-4.313226933180746,hover
1287,126.09654801547053,430,17.176412082666403,-0.37597452504859596,hover
1288,126.37477206662264,430,16.693443069199652,-5.239980888030129,hover
1289,126.64505838305598,430,16.217178986083905,-3.484247160732262,hover
1290,126.86844371756814,430,13.403120070822684,-3.5730886024591975,hover
1291,127.06633261449706,430,11.873333815838144,-5.692793169235904,hover
1292,127.21610886362518,430,8.986574947800532,-7.45127989355351,hover
1293,127.4779805163416,430,15.71229916310865,-6.80774323529894,hover
1294,127.72234206243257,430,14.66169276559142,-8.045656761558464,hover
1295,127.93885022139436,430,12.990489537850124,-11.215490546270765,hover
1296,128.16367319228547,430,13.489378253401256,-10.275640993305142,hover
1297,128.45850768887797,430,17.690069795495006,-8.075231713667742,hover
1298,128.71083938734742,430,15.139901908339475,-3.203107068628703,hover
1299,129.00911542566027,430,17.896562298955196,-0.8984515697829378,hover
1300,129.35008031020627,430,20.45789307273437,-2.1677911050242513,hover
1301,129.7398696809392,430,23.38736224396049,-9.623314834736975,hover
1302,130.17387103875868,430,26.0400814693825,-13.695116256514805,hover
1303,130.57819686673312,430,24.259549678690664,-10.484293606525652,hover
1304,130.85521451910202,430,16.621059142148624,-12.560852498825875,hover
1305,131.14826035548367,430,17.582750182925434,-16.87160201815479,hover
1306,131.44957081244797,430,18.078627417894438,-14.001628364927512,hover
1307,131.84959367561933,430,24.001371790545164,-13.848954913698298,hover
1308,132.0986802952388,430,14.945197177224117,-11.793836269280185,hover
1309,133.03448495828033,428.83237363689557,56.148279782557886,-91.27078522178965,hover
1310,133.96879567400134,427.7816783889289,56.05864294333591,-84.25491831351401,hover
1311,134.8023549462823,426.8127657556634,50.0135563369422,-79.34796143143974,hover
1312,135.5341572664408,425.9402854801985,43.90813920960572,-73.56201996339674,hover
1313,136.20362176278297,425.30746189434745,40.16786978063786,-59.1826185865585,hover
1314,136.7845492891815,424.8720879961102,34.855651584028124,-47.33563732972134,hover
1315,137.19345610313704,424.5254176576467,24.53440883723982,-42.013423743445216,hover
1316,137.64816905678387,424.24276295098014,27.282777218946585,-38.17248583546776,hover
1317,138.02680493572703,423.96281687098946,22.718152736735576,-38.00996823490756,hover
1318,138.44902386680818,423.72970681385596,25.333135865025035,-35.19980686346862,hover
1319,138.8208619037981,423.5059690426863,22.31028221934332,-34.63746970578739,hover
1320,139.19012271484578,423.4287040513262,22.155648663038214,-25.849102917050978,hover
1321,139.45914527404972,423.4408472125383,16.14135355242214,-20.48461376271154,hover
1322,139.6483953222412,423.55665820038575,11.355002891685857,-14.26454416458342,hover
1323,139.78378468278729,423.7872241110391,8.123361632751715,-7.379248796376983,hover
1324,139.94699770150646,423.98508304882427,9.792781123148192,-9.341667168460312,hover
1325,140.12467439877426,424.09520229154793,10.660601836294738,-14.606048871989238,hover
1326,140.30454404089943,424.2496532667328,10.792178527529208,-11.946144924463221,hover
1327,140.48563757320474,424.4135968848603,10.865611938346367,-11.376586347903018,hover
1328,140.56567223365963,424.55449724869953,4.802079627331324,-12.759181605186837,hover
1329,140.53189735755316,424.7445538447005,-2.0264925663395905,-9.809807675477712,hover
1330,140.48259239586548,424.94395088100185,-2.958297701202698,-9.249381257446448,hover
1331,140.40823691114943,425.16268607270797,-4.461329082893879,-8.089091933153052,hover
1332,140.28725075955754,425.4910700581741,-7.259169095435148,-1.5101643075459021,hover
1333,140.1628599125413,425.79907191616843,-7.463450820885437,-2.7330919558463815,hover
1334,140.00514517553046,426.2374147633925,-9.462884220552573,5.087367397947055,hover
1335,139.76371752498275,426.75144134862256,-14.485659032753015,9.628391678311845,hover
1336,140.06781587911448,428.6153284196395,18.245901248022946,90.62002082553273,hover
1337,140.4213111454358,430,21.209715979407456,-81.46622197343395,hover
1338,140.82724275138872,429.1344611553818,24.355896357097375,-73.14553411271565,hover
1339,141.16260775315712,428.3803994402446,20.12190010625339,-66.45690634369477,hover
1340,141.4968888170267,427.844934312152,20.056863832334663,-53.3411111210113,hover
1341,141.78035049937438,427.4088217094276,17.00770094081159,-47.37995959906746,hover
1342,141.92439206022704,427.04045162217426,8.642493651120462,-43.31540867080035,hover
1343,142.0191727657142,426.6708740593582,5.6868423294182975,-43.38785720439858,hover
1344,142.23477339237766,426.2829655574679,12.936037600007438,-44.48771354884733,hover
1345,142.4541993583861,426.0194555159262,13.165557960496557,-37.02380592807552,hover
1346,142.75182161109927,425.8850161234988,17.85733516279249,-29.279566981212092,hover
1347,143.0166932720385,425.7085354184906,15.892299656366227,-31.8020457360523,hover
1348,143.2442029855317,425.5811132908928,13.650582809830956,-28.858531091267064,hover
1349,143.42876091696277,425.56059246809605,11.07347588589601,-22.444452803352142,hover
1350,143.58297541204615,425.6198414207453,9.25286970504515,-17.65826627658705,hover
1351,143.62479574494765,425.63888635319387,2.5092199741416508,-20.0705074886176,hover
1352,143.70218603367047,425.72652227804804,4.6434173236498335,-15.955047944119489,hover
1353,143.8109638698878,425.83090296435824,6.526670173110369,-14.950362256905304,hover
1354,143.92405584547996,425.935750761979,6.785518535611217,-14.922335578264043,hover
1355,144.09009195088538,426.12111801640776,9.962166324417876,-10.091168169779273,hover
1356,144.16059421318522,426.34849932493495,4.23013573787454,-7.570324924019591,hover
1357,144.16739910232,426.6096287011547,0.408293348198157,-5.545440862304131,hover
1358,144.12530302981406,426.9554076973828,-2.5257643502341542,-0.46646366179692045,hover
1359,144.04025147795204,427.31990203643824,-5.103093111589256,0.6564569078506861,hover
1360,143.9823905128493,427.64163055132207,-3.471657906240379,-1.9094925425929645,hover
1361,143.83517119154163,428.1125184180035,-8.833159278307676,7.040068565425907,hover
1362,143.74695462775628,428.5613834828972,-5.292993826958318,5.718700458167161,hover
1363,143.65868421766962,428.8614028149094,-5.2962246050269135,-3.212043514714985,hover
1364,143.67164860100036,429.1623757514272,0.7778629998076401,-3.154827244527944,hover
1365,143.6657737964219,429.4923705784046,-0.3524882747334315,-1.4135138169430268,hover
1366,143.63907631256066,429.6993226220394,-1.6018490314711062,-8.7960808173367,hover
1367,143.69333795451692,429.9486953193596,3.255698517588322,-6.250841596206585,hover
1368,143.7228533517352,430,1.7709238331021915,-2.068406281136128,hover
1369,143.7530454177047,430,1.8115239581832452,-5.5180780760138575,hover
1370,143.89147888260192,430,8.306007894074888,-7.966276602270954,hover
1371,144.03284713646448,430,8.4820952317881,-5.064421754645837,hover
1372,144.09436375225425,430,3.6909969474310307,-8.702303737774862,hover
1373,144.235015712899,430,8.439117638740754,-6.105309848961893,hover
1374,144.36002545126166,430,7.500584301823739,-3.3974100647853334,hover
1375,144.515970932282,430,9.356728861294666,-12.197915107510006,hover
1376,144.56346900067012,430,2.849884103372502,-11.705393705669156,hover
1377,144.609160643619,430,2.7414985770266567,-2.8810794748063806,hover
1378,144.55850543036348,430,-3.0393127952253716,-2.2462167057923903,hover
1379,144.53383557493714,430,-1.4801913254655241,-3.250026384365542,hover
1380,144.57578428625672,430,2.516922679299456,-4.628988643853454,hover
1381,144.58500118979526,430,0.5530142124475828,-8.594866108021822,hover
1382,144.52095704073668,430,-3.8426489433704316,-3.917572653479578,hover
1383,144.4164269973601,430,-6.271802602657423,-0.639241767263945,hover
1384,144.30482868953112,430,-6.695898469573867,-0.7172704981490607,hover
1385,144.25139509936525,430,-3.2060154097769393,-1.7974594173380876,hover
1386,144.14739794385153,430,-6.239829330856223,-2.8424483966210374,hover
1387,144.08846174943773,430,-3.5361716648507007,-3.029208141282985,hover
1388,143.96993405252215,430,-7.111661814729887,-1.6034303968763348,hover
1389,143.86192198546362,430,-6.480724023296291,-6.757762028260878,hover
1390,143.7465833300704,430,-6.9203193235870835,-5.499250120602602,hover
1391,143.62342334273333,430,-7.38959924020717,-7.481834569034886,hover
1392,143.52572711040105,430,-5.8617739399102975,-9.950766111452927,hover
1393,143.39893727676423,430,-7.607390017953968,-16.44304131417902,hover
1394,143.34568828766513,430,-3.194939345898738,-12.724975547120806,hover
1395,143.35155976362935,430,0.3522885579106152,-15.447785233259593,hover
1396,143.31718034336012,430,-2.062765216086229,-10.175780504727726,hover
1397,143.32614817338194,430,0.5380698013857721,-12.849661680655036,hover
1398,143.20260266747857,430,-7.412730354114936,-2.035950219403473,hover
1399,143.07102128210752,430,-7.894883122165696,-6.903334043097467,hover
1400,144.2890565990034,429.39746578679745,73.0821190138607,-57.36525622764581,hover
1401,145.33695106271847,428.9217806634109,62.873667822802986,-49.75431083883274,hover
1402,146.3391993596727,428.4617285846019,60.13489781738126,-48.816328164020256,hover
1403,147.34681217844445,427.980480271639,60.4567691264429,-50.088102213242685,hover
1404,148.23494991232945,427.504250500543,53.28826403324844,-49.78698970122578,hover
1405,150.0690063274134,428.1535647660155,110.04338490497706,17.74565249273809,hover
1406,151.79937056750632,428.8316386672098,103.82185440552513,19.47123063605282,hover
1407,153.33744742122886,429.48837822879545,92.2846112235302,18.191170259696882,hover
1408,154.66384897896697,430,79.58409346447519,-22.78876916395322,hover
1409,155.99752038806346,430,80.02028454576971,-19.51080271345914,hover
1410,157.1367711238873,430,68.35504414942072,-18.878671808532395,hover
1411,158.25405369732414,429.99766283430336,67.03695440642734,-21.353433377214383,hover
1412,159.3334705934491,429.95530886165733,64.76501376772704,-23.75444179416982,hover
1413,160.31980050853142,429.8841154239588,59.17979490495909,-25.484809697467476,hover
1414,161.29395133764166,429.8091478007724,58.449049746645635,-25.71126082673082,hover
1415,162.04840895404115,429.73496003901795,45.26745698400944,-25.664469140807203,hover
1416,162.7809695193294,429.7476323381956,43.953633917344916,-20.452865484874344,hover
1417,163.35533918936935,429.8649117377135,34.46218020245756,-14.176439464452475,hover
1418,163.9351590506348,429.94115752271074,34.789191675997806,-16.638456335684715,hover
1419,164.46485717544033,430,31.78188748841145,-17.196382062601998,hover
1420,164.91337597699044,430,26.911128093096288,-17.097546878094036,hover
1421,165.1997369274881,430,17.18165702995962,-14.242913307120919,hover
1422,165.46785781787776,430,16.08725342349142,-14.569152999405741,hover
1423,165.74930071281142,430,16.88657369614012,-14.991330433109844,hover
1424,165.92381960478062,430,10.4711335180641,-12.214748163152679,hover
1425,167.26886587608047,430,80.70277627813171,-30.797048571611146,hover
1426,168.45571773414306,429.97921160684547,71.21111148390631,-22.46050702473292,hover
1427,169.44098534201112,430,59.11605647224397,-19.036991375723726,hover
1428,170.32396148892008,430,52.97856881448958,-20.566084807839005,hover
1429,171.17440171597656,429.9712074028705,51.0264136235702,-22.940759263212033,hover
1430,171.95961487531278,429.92092973901055,47.11278956036473,-24.229863267030424,hover
1431,172.71581592860662,429.9495778481901,45.372063197613436,-19.494316884810896,hover
1432,173.43042114251705,430,42.876312834619505,-16.82049750358309,hover
1433,174.0675906060978,430,38.23016781484856,-15.735754242478112,hover
1434,174.682635319545,430,36.902682807062256,-14.207977230710108,hover
1435,175.23325314429562,430,33.037069485059874,-15.182198855723112,hover
1436,175.77318587838465,430,32.39596404537555,-20.292166105573095,hover
1437,175.9266930501992,430,9.210430308915074,-73.32740554286107,hover
1438,176.09771212643585,429.1568810371329,10.261144574470542,-71.80034120740187,hover
1439,176.33504905589308,428.40549828062063,14.240215767497574,-66.29616882625963,hover
1440,176.61220718171776,427.7863407644171,16.62948754955434,-58.36265440773013,hover
1441,176.90527613635376,427.243313210177,17.58413727824297,-53.79485668991546,hover
1442,177.10585193825187,426.7184313280005,12.034548113980508,-52.70611636609279,hover
1443,177.2620126121086,426.20431034299975,9.369640431506639,-52.06046253554227,hover
1444,177.40038583293577,425.69495360896957,8.30239324974308,-51.77460747729881,hover
1445,177.50658128817466,425.24203853730353,6.371727314457546,-48.3881077354446,hover
1446,177.5981903800561,424.85188357012987,5.496545512801875,-44.62250146604728,hover
1447,177.5832728625933,424.4381343104399,-0.8950510476251523,-46.038159016865485,hover
1448,177.58090806470895,423.95996210101697,-0.14188787290710647,-49.903536000837846,hover
1449,177.46702506055288,423.5262336018663,-6.832980249199325,-47.23691338449408,hover
1450,177.36238173928382,423.2128084941669,-6.2785992761888885,-40.018709897565714,hover
1451,177.18778257867154,422.9855224181375,-10.475949636771123,-34.850367997354816,hover
1452,176.99107406300953,422.74896918056794,-11.802510939526792,-35.406397689608006,hover
1453,176.82447120856978,422.5925639613347,-9.996171266181815,-30.597516589420156,hover
1454,176.67115463508122,422.4118149465656,-9.198994409316946,-32.05814432171789,hover
1455,175.27283000968018,421.4208294602429,-83.89947752405722,-80.67233261492592,hover
1456,173.9671243549188,420.4316888220019,-78.34233928544766,-80.56164172986236,hover
1457,172.71523209099607,419.5600254030026,-75.11353583512006,-73.51300857535153,hover
1458,171.47307686654307,418.7030537782686,-74.5293134671445,-72.63150091958487,hover
1459,170.35723243581893,417.9599252841386,-66.95066584340192,-65.80091308333668,hover
1460,169.22854030216823,417.3178472664518,-67.72152801898604,-59.73788449673715,hover
1461,168.28290551379342,416.6524762944409,-56.73808730242149,-61.135461756179,hover
1462,167.38496882466305,415.9459937673513,-53.876201347746246,-63.60215506089,hover
1463,166.65059962993115,415.29893266366844,-44.062151683828134,-60.03686965647987,hover
1464,166.05127112472158,414.72335781162593,-35.95971031247748,-55.74769455805071,hover
1465,165.41869989984906,414.0988717952892,-37.95427349224495,-58.6823644156987,hover
1466,164.92459947033987,413.5608478902179,-29.646025770435557,-53.49463773976816,hover
1467,164.500818021605,413.16881253849897,-25.426886923965792,-44.73532453861408,hover
1468,163.97124161753354,412.8198286340087,-31.774584244151807,-42.15223770488998,hover
1469,163.49885776526344,412.45559725308556,-28.343031136276934,-43.06708629100756,hover
1470,163.11962541613917,412.1109147024718,-22.75394094729979,-41.894156472282496,hover
1471,162.80181700387485,411.9113155208927,-19.06850473569239,-33.18915433019828,hover
1472,163.1624764648567,413.09366038518164,21.639567659087948,49.72748842189403,hover
1473,163.51950306517418,414.2486633623073,21.421596019018214,48.086975191947744,hover
1474,163.86103526405537,415.35920821434445,20.491931933068802,45.41948768680055,hover
1475,164.25708947133091,416.4805121893091,23.763252436738853,46.06503506245589,hover
1476,164.67099238865788,417.6020603444722,24.834175039617513,46.07968587421607,hover
1477,165.0738063762234,418.64207116025284,24.168839253939275,41.1874455112775,hover
1478,165.5036900910029,419.63311671392495,25.79302288678946,38.24952978477035,hover
1479,165.9293144512616,420.50501480596506,25.53746161576948,31.10068208701248,hover
1480,164.68490817465423,421.40659851350136,-74.66437659640363,32.88181901663539,hover
1481,163.61983587399732,422.2175011812696,-63.90433803936607,27.44095663055934,hover
1482,162.6413641000928,423.04663543550663,-58.70830643421127,28.534851818695792,hover
1483,161.75819053323454,423.7587223306791,-52.99041401142678,21.512010274830473,hover
1484,160.90860954899279,424.43192577458126,-50.97485905442601,19.17900319861499,hover
1485,160.1873013521637,425.0342474843122,-43.278491809655485,14.926099148350023,hover
1486,159.46729995017256,425.65652322958266,-43.20008411936862,16.123341280730802,hover
1487,158.74162030929955,426.2412070811666,-43.54077845227122,13.86782765954478,hover
1488,158.02984563595598,426.8859561280887,-42.70648040049483,17.471739379842965,hover
1489,157.35802451810196,427.48136613035814,-40.309267071112636,14.511396700687197,hover
1490,156.67201545713604,428.0223513393908,-41.16054365781505,11.245909106489924,hover
1491,156.06322487976328,428.50758131717913,-36.52743464243353,7.900595231681989,hover
1492,155.47929004122273,428.96180633964394,-35.036090312491766,6.04029791227836,hover
1493,155.02061779812294,429.33887045039114,-27.520334585816663,1.4106432093835748,hover
1494,154.54153905001994,429.8265169474219,-28.74472488600111,8.045586386404157,hover
1495,154.00490610429284,430,-32.19797674365413,-5.840245735068322,hover
1496,153.44912318078394,430,-33.346975410552695,-10.57878496041492,hover
1497,152.97622025505518,430,-28.374175543515193,-14.936786326624038,hover
1498,152.6317594583283,430,-20.667647803391993,-0.3226441461320526,hover
1499,152.2870619840935,430,-20.681848454076203,-4.120249089229609,hover
1500,151.9294880811713,430,-21.45443417530956,-8.240187077062185,hover
1501,151.5552152407238,430,-22.45637042681891,-5.9393930717468395,hover
1502,151.21910214559057,430,-20.166785707734704,-5.939061691335343,hover
1503,150.84658320436094,430,-22.351136473726033,-3.6596362646618963,hover
1504,150.5021848114748,430,-20.663903573107653,-5.389203148233658,hover
1505,150.13843687299226,430,-21.824876308879883,-5.207606379369079,hover
1506,149.86087794169347,430,-16.653535877845698,-8.209667350243333,hover
1507,149.54569743881908,430,-18.910830172371007,-0.44980128623124926,hover
1508,149.24575666774703,430,-17.99644626422039,-2.172224766441272,hover
1509,148.91619725265434,430,-19.773564905449017,-3.821352439861239,hover
1510,148.6476057680079,430,-16.115489078882323,-4.044196092528111,hover
1511,147.82990344571024,428.99451228033666,-49.0621393377277,-81.5424666152762,hover
1512,147.02050039071494,428.09699479091825,-48.5641832995751,-75.06425280057259,hover
1513,146.2449185236363,427.2934894560382,-46.53491202456673,-69.42352352826485,hover
1514,145.44072914231364,426.64105416048784,-48.25136287941514,-60.35932116862696,hover
1515,144.75540347666856,426.0088571123232,-41.119539938532455,-59.145026325324295,hover
1516,144.11659832403632,425.5227647812681,-38.32830915775133,-50.37874329874424,hover
1517,143.5384451328047,425.0494309494942,-34.689191473704575,-49.61323334186774,hover
1518,142.94524817768712,424.59460573533437,-35.59181730706977,-48.50271628516965,hover
1519,142.31412520995605,425.7856260495806,-37.86737806386895,50.24801541920342,hover
1520,141.9056536967788,426.9927759580441,-24.508290790410413,51.215791072396065,hover
1521,141.49378720715154,428.2039978857425,-24.71198937762108,51.460112226346034,hover
1522,141.11622935798107,429.4225162972293,-22.653470950203015,51.897901253655746,hover
1523,140.87445688870696,430,-14.506348156411683,-44.469035808814525,hover
1524,140.73593784729977,429.80511117615634,-8.311142484167558,-32.906532866001086,hover
1525,140.53026831873393,429.7038061139267,-12.340171713895739,-27.291507169309202,hover
1526,140.33788716112684,429.8072136237807,-11.542869456361009,-15.008752844283936,hover
1527,140.20987283705244,429.9277080480469,-7.680859444389296,-13.983537979544522,hover
1528,140.10219711534282,429.99492242695567,-6.460543302492219,-17.18034070098352,hover
1529,140.0514648157327,429.96461430445015,-3.043937976513328,-23.031690785831934,hover
1530,139.98724470456338,430,-3.8532066700529564,-12.343326194818921,hover
1531,139.9582168989592,430,-1.741668336136513,-6.520678913026674,hover
1532,139.8999578771362,430,-3.4955413092544956,-6.156352633455706,hover
1533,139.80278940855837,430,-5.830108114534253,-1.0385282079984952,hover
1534,139.83085551342333,430,1.6839662920428875,-6.897084662986962,hover
1535,139.78350597158047,430,-2.8409725104167087,-3.101971329943281,hover
1536,139.8414009435494,430,3.473698318082894,-4.007271927119296,hover
1537,140.00191282916666,430,9.630713136992728,-4.0618676518017045,hover
1538,140.01337280745136,430,0.6875986972677719,-0.10550396163639064,hover
1539,140.1430608933078,430,7.781285151581143,-2.7855006245711964,hover
1540,140.1927283816943,430,2.980049303178088,-0.23169822315139132,hover
1541,139.6054490224495,428.9432609855376,-35.23676155468979,-84.61754430331503,hover
1542,138.98802358743185,427.9352281466187,-37.0455261008338,-81.69517377054315,hover
1543,138.33567132159905,426.9814673233934,-39.14113594973181,-78.438852828922,hover
1544,137.748434414125,426.15801981607376,-35.23421444841582,-70.62005387472995,hover
1545,137.16416541640015,425.36419751512994,-35.0561398634525,-68.84254149217253,hover
1546,136.6530203518251,424.71965887087674,-30.66870387445647,-59.88552209072832,hover
1547,136.22222492085717,424.086466406535,-25.84772585779963,-59.204751295877344,hover
1548,135.7743182310592,423.70691895939575,-26.874401387809826,-43.98605026387567,hover
1549,135.2828976337892,423.413419563668,-29.485235836122254,-38.823167179178476,hover
1550,134.80691485946508,423.14788323818306,-28.558966459359304,-37.145382964605965,hover
1551,134.38392598656347,422.98561569097933,-25.379332373999063,-30.949256267724586,hover
1552,134.07300420289346,422.89139384945696,-18.65530702009241,-26.866513926835545,hover
1553,134.46111307123206,424.11965367784427,23.286532100434606,52.4823862677529,hover
1554,134.79786577687585,425.3011160936011,20.205162338755677,49.67454150993066,hover
1555,135.08269706110357,426.4111073856446,17.089877053582907,45.386274086983775,hover
1556,135.48499134222396,427.8330498845611,24.137656867372208,64.10334649952586,burst
1557,136.0047486202407,429.56694359035316,31.18543668116151,82.82041891206794,burst
1558,136.64196889515372,430,38.23321649495081,-101.53749132461002,burst
1559,137.39665216696673,428.97321307539215,45.280996308740114,-82.82041891206794,burst
1560,138.26879843567605,428.25837735765987,52.32877612252942,-64.10334649952586,burst
1561,139.25840770127806,427.85549284680064,59.376555936318724,-45.38627408698377,burst
1562,140.36547996377638,427.764559542817,66.42433575010803,-26.66920167444168,burst
1563,141.59001522317467,427.9855774457115,73.47211556389733,-7.952129261899593,burst
1564,142.93201347946928,428.5185465554816,80.51989537768664,10.764943150642495,burst
1565,144.39147473265655,429.36346687212466,87.56767519147594,29.482015563184582,burst
1566,145.96839898274015,430,94.61545500526525,-48.19908797572667,burst
1567,147.6627862297237,429.86218646453926,101.66323481905455,-29.482015563184582,burst
1568,149.4746364736036,430,108.71101463284386,-10.764943150642495,burst
1569,151.08513021147743,430,96.62962427249147,-9.365967470544119,hover
1570,152.53890748546962,430,87.22663643960242,-14.333372897475849,hover
1571,152.42952235044632,430,-6.563108101316743,-6.2724946572199825,hover
1572,152.3358094458466,430,-5.622774275892845,-6.175667592624209,hover
1573,152.2100682822974,430,-7.544469812849377,-7.938911720889797,hover
1574,152.04407055833357,430,-9.95986343771947,-5.865059156878708,hover
1575,151.75488974131653,430,-17.350849020900597,-1.6164755334479963,hover
1576,151.42185262936417,430,-19.98222671700994,-1.8420614726995035,hover
1577,151.1761269054347,430,-14.743543435627505,-1.0195851944089587,hover
1578,151.04667847051726,430,-7.766906095112868,-0.9179092899605927,hover
1579,150.96734624992513,430,-4.759933235367358,-0.06052855688665437,hover
1580,150.97003855357096,430,0.16153821892119424,-0.9345063375851745,hover
1581,151.12045355792682,430,9.024900261534134,-5.003930656111332,hover
1582,151.11986093640365,430,-0.03555729141652364,-6.1462850663929744,hover
1583,151.18719633951847,430,4.0401241870899325,-10.086435965183924,hover
1584,151.260592279755,430,4.403756414404573,-11.721138634750204,hover
1585,152.66576163996328,429.7692153695366,84.3101616125,-35.06028126337135,hover
1586,154.04331834154502,429.59704747324025,82.65340209491774,-31.543277213339547,hover
1587,155.18906011684876,429.4348641709939,68.74450651824853,-30.944201570336617,hover
1588,156.25439220646274,429.2888877885209,63.91992537709042,-29.97178638376913,hover
1589,157.31260063382038,429.19161313289106,63.492505641502774,-27.04968277333166,hover
1590,158.32616634901964,429.12013001689064,60.81394291200944,-25.502190395554987,hover
1591,159.33058115567138,429.07152878710446,60.26488839916889,-24.129277222695197,hover
1592,160.27263586584093,429.07255100779224,56.523282610464776,-21.15187019409712,hover
1593,161.12363395677625,429.0307745587456,51.05988545620338,-23.71979037830964,hover
1594,162.0311994222926,429.10430098432573,54.45392793107459,-16.801617900692772,hover
1595,162.87667113376472,429.2642074591078,50.72830268843258,-11.618814948570787,hover
1596,165.1100432495494,429.394408153418,134.00232694719526,-13.401161776878439,hover
1597,166.97036987761055,429.62654089372984,111.6195976837939,-7.285239016770793,hover
1598,168.61545481111233,429.87156299334276,98.70509601024018,-6.511877458700193,hover
1599,170.11597849250327,430,90.0314208836007,-10.934924935611686,hover
1600,171.5656575047797,430,86.98074073652049,-7.195676406711065,hover
1601,172.84864089440762,430,76.97900337784056,-2.278464141693978,hover
1602,174.05850187979414,430,72.59165912336432,-2.317831579651492,hover
1603,175.18311285292026,430,67.47665838775276,-2.800349709224699,hover
1604,176.6983492801162,428.8852224904367,90.91418563173168,-88.09985400938443,hover
1605,178.1057448967673,428.02978412400915,84.44373699905248,-72.53950542123253,hover
1606,179.44120475784985,427.22076378602344,80.12759166516656,-69.75442371455937,hover
1607,180.6219204800635,426.64779406274454,70.84294333304427,-55.591386832144906,hover
1608,181.64208325186172,426.15580487557907,61.209766307910826,-50.732554665484514,hover
1609,182.65522742876152,425.6546407536366,60.78865061401449,-51.28305075209709,hover
1610,183.48002106377308,425.1860705575641,49.48761810094888,-49.3274151997395,hover
1611,184.27599377714546,424.8153839655023,47.758362802606776,-43.45439895909068,hover
1612,184.94046353041233,424.5365078421383,39.86818519606946,-37.94577083736993,hover
1613,184.23391813161652,423.8219033944377,-42.392723927681956,-64.08947029755711,hover
1614,183.64771960310912,423.2920831502394,-35.171911710367226,-53.00241808741218,hover
1615,183.14170211815494,422.86979760733584,-30.3610490971635,-46.550336009723225,hover
1616,182.67485868800708,422.4766128363679,-28.01060580877487,-44.80428969357711,hover
1617,182.111584353725,422.08843137460855,-33.796460056818944,-44.50409114105649,hover
1618,181.5436366551663,421.7603497205704,-34.076861913404045,-40.89810267777703,hover
1619,181.091877349176,421.43154880434054,-27.105558359290544,-40.94125840927198,hover
1620,179.15010292509018,420.921452522878,-116.50646544501292,-51.81898032322394,hover
1621,177.38219273354784,420.58815489117575,-106.07461149239367,-41.21106133760015,hover
1622,175.82388002358024,420.3229492280474,-93.4987625978989,-37.12554322315971,hover
1623,174.24511068181877,420.1406714446019,-94.7261605057387,-32.14987044233494,hover
1624,172.78746514257023,419.9432212025368,-87.45873235473574,-33.06021795934976,hover
1625,171.39779771358562,419.82949395691503,-83.38004573888982,-28.036838172743487,hover
1626,170.12795578229574,419.85846746180346,-76.1905158771945,-19.474793142122987,hover
1627,169.0042377679631,419.84865685278965,-67.42308085996908,-21.801839976405688,hover
1628,167.89487614947328,419.88079759725156,-66.56169710917192,-19.284758767700325,hover
1629,166.84784289061642,419.89055191324286,-62.8219955311844,-20.627944475931365,hover
1630,165.79815288035311,419.9766818380182,-62.981400615778966,-16.0454079490352,hover
1631,164.78760824494896,420.16118987684723,-60.63267812421967,-10.142721105806993,hover
1632,163.85299403701666,420.39161004545537,-56.076852475897894,-7.387993319052434,hover
1633,162.96387627943017,420.67071062750625,-53.3470654549221,-4.467168512324958,hover
1634,162.2063982186213,420.9002511447506,-45.44868364847198,-7.440772400865262,hover
1635,161.3611179147251,421.1551742549765,-50.71681823370195,-5.917816821967262,hover
1636,160.43380803558742,421.5658028496092,-55.638592748181495,3.4245122424511134,hover
1637,159.62433851886254,421.904887714199,-48.568171003401844,-0.8681115601189209,hover
1638,158.93144773993018,422.31899396041183,-41.573446735842325,3.6331713372732706,hover
1639,158.316572168325,422.6878743776293,-36.89253429620128,0.9196215975588284,hover
1640,157.74223826181898,422.95075961638906,-34.460034390241184,-5.440089109899639,hover
1641,157.26357405989398,423.4267393219968,-28.719852115370806,7.345578900987291,hover
1642,156.7900287315773,423.81899060847127,-28.41271969886017,2.3218737529970674,hover
1643,156.32219970175476,424.29883434305714,-28.06974178920337,7.5774206396879515,hover
1644,155.88828252621363,424.65790828812914,-26.035030532307154,0.33123326886513027,hover
1645,155.5765257568645,425.0163847365617,-18.705406160995445,0.29538347035053536,hover
1646,155.36108574023234,425.27286575500335,-12.926400997968061,-5.82434232909731,hover
1647,155.12453118631794,425.4566747483942,-14.193273234674281,-10.184663831983974,hover
1648,154.8582277632733,425.6548619295239,-15.978205382478215,-9.321972567646275,hover
1649,154.55851630133785,425.9509823530266,-17.982687716135686,-3.4459780254167187,hover
1650,154.27637676494902,426.29052460409946,-16.928372183327483,-0.8406683711935976,hover
1651,153.94368393754422,426.50493964284186,-19.961569644058006,-8.348301110863321,hover
1652,153.62225864601146,426.7459150704324,-19.285517491724278,-6.754677779967421,hover
1653,153.3463269925578,427.0233971584603,-16.55589920718644,-4.564278153872081,hover
1654,153.17183476629458,427.40554534077836,-10.46953357575191,1.7156875035451122,hover
1655,153.0011622431382,427.89463151127507,-10.24035138933106,8.131966794268827,hover
1656,152.8692608474458,428.46622631524895,-7.9140837412632195,13.0824848030622,hover
1657,152.7749671512978,429.07462239899513,-5.657621768807386,15.29056158925248,hover
1658,152.73267882907894,429.7584397208405,-2.537299333048685,19.815835875210027,hover
1659,152.66466255441483,430,-4.08097647975362,-24.477638548666178,hover
1660,152.6193555283062,429.9760315960423,-2.7184215664166382,-22.651307672960037,hover
1661,152.6898901120354,430,4.232075023865909,-17.430598479079972,hover
1662,152.76085495611687,430,4.257890645010058,-15.115430342014868,hover
1663,152.8506891548803,430,5.390051925938815,-15.031012375707517,hover
1664,152.9532037325893,430,6.150874662463613,-13.657100670606692,hover
1665,153.0420584980189,430,5.33128592592937,-15.314233946652205,hover
1666,153.09774755240844,429.9924686306931,3.341343263535757,-21.665085593867275,cruise
1667,153.12050144459948,429.8867427549986,1.3652335316365765,-27.556755977117824,cruise
1668,153.1126852626862,429.68442889301446,-0.4689709148326115,-33.352035154641804,cruise
1669,153.07275520676404,429.3892477413554,-2.3958033551356466,-38.924072534974606,cruise
1670,153.00537245873787,429.0037603310878,-4.042964881367814,-44.34244805148293,cruise
1671,152.91034571048775,428.53378816890284,-5.701604894794378,-49.41153316651395,cruise
1672,152.78890384646542,427.9802174936483,-7.286511841335042,-54.427443950838686,cruise
1673,152.64232652430059,427.3545515982577,-8.79463932987386,-58.75315715899602,cruise
1674,152.4667504942572,426.65878193602754,-10.534561802358896,-62.959383169206646,cruise
1675,152.270471188962,425.8973720546513,-11.776758317677332,-66.89779631811737,cruise
1676,152.05538198904205,425.0701939637094,-12.905351995151952,-70.84388889205192,cruise
1677,151.8178098567867,424.183780760644,-14.254327935264483,-74.39799561945202,cruise
1678,151.56205154296254,423.23379033423197,-15.345498829166997,-78.21262902009067,cruise
1679,151.29193489231906,422.2227791384082,-16.206999038533386,-81.87387518494023,cruise
1680,151.00279546470264,421.16125657553,-17.34836565690024,-84.90455720820336,cruise
1681,150.6953604637633,420.0508071074877,-18.446100056264388,-87.84017151804092,cruise
1682,150.3748080653551,418.8963190154905,-19.233143904387664,-90.4824889553245,cruise
1683,150.03977031615028,417.7008430411737,-20.102264952172938,-92.9417618944982,cruise
1684,149.6953547973659,416.4595669553752,-20.664931126936647,-95.68976858339084,cruise
1685,149.3343218246672,415.1761873774796,-21.66197836178621,-98.21597810920869,cruise
1686,148.9610695011259,413.856225175473,-22.395139412331172,-100.41093555586077,cruise
1687,148.57679009067104,412.492669753968,-23.056764627136722,-103.02652872575753,cruise
1688,148.1785876704281,411.0902104585741,-23.892145214411006,-105.36076115908527,cruise
1689,147.76554245259635,409.6568055668253,-24.78271306972867,-107.21749694037362,cruise
1690,147.3406804029399,408.18974757530606,-25.491722979417762,-109.23668292674577,cruise
1691,146.90768994336278,406.6910529941279,-25.97942757464969,-111.13487830627327,cruise
1692,146.462190159069,405.16614523088674,-26.729987057421148,-112.70766922989401,cruise
1693,146.0098656458552,403.62174958349414,-27.139470792610872,-113.87694227897413,cruise
1694,145.54388382877383,402.05851384263633,-27.958909024874554,-115.00734788703319,cruise
1695,145.0743786959857,400.4706670249349,-28.170307967268926,-116.48401249764206,cruise
1696,144.59536090769333,398.856215982181,-28.74106729729561,-118.08026600063006,cruise
1697,144.10852887121155,397.2185159977146,-29.209922188650406,-119.47520250337644,cruise
1698,143.61481040562,395.55578422221566,-29.623107935444693,-120.97710996547076,cruise
1699,143.1147173290376,393.87610755796373,-30.005584594885608,-121.99380329064405,cruise
1700,142.60754032332648,392.17792774660074,-30.43062034259973,-123.10399211729973,cruise
1701,142.09367098457957,390.4593643579928,-30.83216032451732,-124.3270067518371,cruise
1702,141.5752624838934,388.72517429858283,-31.10451004108132,-125.26460700010351,cruise
1703,141.0506188113756,386.9747972288229,-31.478620350968573,-126.2358276210938,cruise
1704,140.52239067155708,385.20883051382754,-31.693688389002812,-127.17120633521539,cruise
1705,139.98598573233247,383.43061262581443,-32.18429635335868,-127.90627671627226,cruise
1706,139.44927074970857,381.6391035278591,-32.20289895730512,-128.7037493127975,cruise
1707,138.905441500638,379.8317595566968,-32.62975494409489,-129.65384170520915,cruise
1708,138.35784500388363,378.0129113270515,-32.8557898051138,-130.34409721418248,cruise
1709,137.80436927412805,376.17761945568895,-33.208543785393935,-131.33071571736147,cruise
1710,137.24560108033464,374.332976426659,-33.526091627435946,-131.89178517724707,cruise
1711,136.68772853557886,372.4756428903503,-33.472352685168204,-132.653215613966,cruise
1712,136.12883107226602,370.6107651229725,-33.53384779858148,-133.10586947810316,cruise
1713,135.56239250719364,368.73981055849964,-33.98631390436167,-133.4704773039553,cruise
1714,134.99338888574783,366.86377598895695,-34.14021728653964,-133.77527760798145,cruise
1715,134.42122439020312,364.976589081132,-34.32986973246264,-134.44441790491217,cruise
1716,133.84639621537445,363.0730046314812,-34.48969048949033,-135.42827041445346,cruise
1717,133.26795482055624,361.16345110389597,-34.706483689072144,-135.7864150906664,cruise
1718,132.68885714840806,359.25257583901805,-34.74586032885883,-135.8657193282223,cruise
1719,132.10621929487272,357.33451310747665,-34.95827121186111,-136.29696732786886,cruise
1720,131.51863881542758,355.41029278115724,-35.25482876665677,-136.66642301469906,cruise
1721,130.92877903410863,353.4845792757526,-35.39158687907516,-136.7560137598046,cruise
1722,130.3405620640197,351.5468651223046,-35.29301820526445,-137.4760526423975,cruise
1723,129.75264868071102,349.60127335561424,-35.27480299844025,-137.948709436933,cruise
1724,129.1623511366881,347.6434897864109,-35.41785264128273,-138.68021758770453,cruise
1725,128.57386886583427,345.6809756294643,-35.30893625112749,-138.9640528522947,cruise
1726,127.98564685433573,343.71317840203056,-35.29332068980079,-139.2810370815138,cruise
1727,127.396612210341,341.74408047635194,-35.342078639561954,-139.3590789761999,cruise
1728,126.81117594727156,339.76494665868773,-35.12617578403468,-139.96123249532792,cruise
1729,126.22244869905057,337.78560858681715,-35.32363489311798,-139.97348774770484,cruise
1730,125.63584590916015,335.80468556214254,-35.1961673932736,-140.06858491593957,cruise
1731,125.04954494976916,333.8154924151401,-35.17805756329813,-140.56479225560082,cruise
1732,124.46308062513765,331.82028666513725,-35.18785947793655,-140.92554843577318,cruise
1733,123.87499253313058,329.82424186672546,-35.28528552024205,-140.97589134014848,cruise
1734,123.2885501239461,327.8244403873844,-35.18654455087705,-141.20129219589532,cruise
1735,122.70076211818503,325.81505282190415,-35.26728034568029,-141.77645736439712,cruise
1736,122.10990265026902,323.80048467087585,-35.4515680749662,-142.08729249727116,cruise
1737,121.52321526895163,321.7855120110711,-35.20124287882123,-142.11156302369778,cruise
1738,120.98496066390179,319.76416190774546,-32.29527630275793,-142.4942096349436,cruise
1739,120.48486747658782,317.73053340229905,-30.005591238814244,-143.23091376233623,cruise
1740,120.02484387138678,315.6938697689471,-27.601416312028753,-143.41302143666425,cruise
1741,119.59575599956078,313.65327700529076,-25.745272309515588,-143.64876925491689,cruise
1742,119.19635484621226,311.60753834054884,-23.964069200638484,-143.95752331989044,cruise
1743,118.82487899438973,309.5577750014873,-22.288551109286857,-144.19900377921562,cruise
1744,118.482511358223,307.4972488175824,-20.54205816993047,-144.84477446981208,cruise
1745,118.16504634614408,305.433245795392,-19.047900724649967,-145.05338476693163,cruise
1746,117.87855189021336,303.3655776968933,-17.189667355530897,-145.27328934526912,cruise
1747,117.61811287643896,301.2917305363797,-15.62634082635942,-145.64403306631195,cruise
1748,117.38305354197763,299.21817764928534,-14.103560067565294,-145.62637666115128,cruise
1749,117.1721859909827,297.1411916708581,-12.652053059571262,-145.83236214111315,cruise
1750,116.98609555258597,295.0635432266193,-11.165426303887433,-145.87211008995968,cruise
1751,116.82188789899291,292.98193575053887,-9.85245921543843,-146.1096520002905,cruise
1752,116.67398600025044,290.8991663085697,-8.874113924393662,-146.1793699536094,cruise
1753,116.54775920241606,288.8124664919557,-7.573607869897467,-146.415192432292,cruise
1754,116.43895200743843,286.7228222102121,-6.528431698701205,-146.59186034021664,cruise
1755,116.34574692979514,284.63125132342867,-5.592304658412205,-146.70745664244257,cruise
1756,116.27130138644976,282.53687224337733,-4.46673260052722,-146.87594823851185,cruise
1757,116.21461795456199,280.4375031135615,-3.4010059130618364,-147.17535122437542,cruise
1758,116.1724494632534,278.3365772232816,-2.530109478518041,-147.26875685236413,cruise
1759,116.14550917967846,276.23604685558104,-1.6164170144899688,-147.24502549759734,cruise
1760,116.13710817677435,274.1385978444883,-0.5040601740113655,-147.06014410096856,cruise
1761,116.14295438334298,272.04055501298484,0.3507723943629413,-147.09577332560423,cruise
1762,116.16167756740758,269.9414259189473,1.1233910439131547,-147.16094907779566,cruise
1763,116.19395046090378,267.83978150078605,1.9363736098193742,-147.31186852521074,cruise
1764,116.23736355834654,265.73770264407324,2.604785846841592,-147.33793483814193,cruise
1765,116.29263877952384,263.6362603853962,3.3165132707046463,-147.29973895614165,cruise
1766,116.36006755482117,261.53484747601686,4.04572651791738,-147.29797799827605,cruise
1767,116.43624058768258,259.4367601325999,4.570381971771293,-147.09844404052743,cruise
1768,116.51837909619097,257.3407077048418,4.928310510600541,-146.97634910098475,cruise
1769,116.60845458334047,255.24405528120383,5.404529229077957,-147.01234885377116,cruise
1770,116.70913287095705,253.1475869418287,6.040697257111983,-147.00130379799404,cruise
1771,116.81677342341074,251.04945014189764,6.4584331473490515,-147.1014114313433,cruise
1772,116.9339255117161,248.9498152592488,7.029125298459479,-147.1912963944021,cruise
1773,117.06026325184882,246.84675085104772,7.5802644081107875,-147.3970679275297,cruise
1774,117.19327535824976,244.74854699267283,7.980726384213783,-147.10543493795066,cruise
1775,117.33866381827187,242.64870519365496,8.723307601493893,-147.20371137652205,cruise
1776,117.4911587285295,240.55005897238692,9.149694615635605,-147.13197671152668,cruise
1777,117.64984708054939,238.45269892336407,9.521301121163244,-147.05480637696164,cruise
1778,117.81435737311516,236.35961007713033,9.870617554144156,-146.79853420945392,cruise
1779,117.98916647611368,234.25929163024705,10.48854618011915,-147.23231024841883,cruise
1780,118.1680705068578,232.1569647846714,10.734241844647427,-147.35281417010853,cruise
1781,118.35516979618873,230.05360986719188,11.225957359865996,-147.41449848433274,cruise
1782,118.54835300973984,227.94930866063436,11.590992813304696,-147.47127582885236,cruise
1783,118.74852844451608,225.84439547344923,12.010526086822669,-147.5079946665017,cruise
1784,118.95067066409179,223.73820463746873,12.128533174582106,-147.58465359437048,cruise
1785,119.15839210845498,221.63701939582603,12.463286661841668,-147.28431793409513,cruise
1786,119.36717369846964,219.53441050247108,12.526895400939878,-147.3697370368246,cruise
1787,119.57965857029835,217.43003484217087,12.749092310010901,-147.4757430533785,cruise
1788,119.79375637426989,215.32585718260003,12.845868238372253,-147.4638630097627,cruise
1789,120.01042768720423,213.2228044640413,13.000278776150637,-147.39636654902984,cruise
1790,120.22630431412232,211.11675885146101,12.952597615185233,-147.5759401903155,cruise
1791,120.44468936564171,209.00630201786473,13.10310309127419,-147.84061345126833,cruise
1792,120.67178695231709,206.89212415244242,13.625855200643414,-148.06387536082278,cruise
1793,120.89992216884453,204.77730161490183,13.688112991776455,-148.10255568791231,cruise
1794,121.1333167989969,202.66442543163004,14.00367780928288,-147.98577443177743,cruise
1795,121.37115182917283,200.55446331419236,14.270101810488265,-147.8109304818776,cruise
1796,121.60798040935158,198.4438979214342,14.209714810885847,-147.847127000945,cruise
1797,121.84050940287533,196.33163873656594,13.951739611595118,-147.94875452754366,cruise
1798,122.07501840743106,194.2203732201827,14.070540273524594,-147.88913441843513,cruise
1799,122.31284700815058,192.1076847374528,14.26971604314362,-147.97451239938283,cruise
1800,122.55240784153193,189.992185883739,14.373650003081622,-148.14313465825435,cruise
