time,open,high,low,close,vol
1762560000000,103362.6,103404.9,102600.0,102731.0,6.55322993
1762563600000,102733.1,103208.7,102676.4,102989.8,0.70912105
1762567200000,103006.9,103301.4,102798.5,102897.9,1.84029965
1762570800000,102854.2,103268.2,102640.1,102640.1,0.72195811
1762574400000,102640.2,102821.9,102454.3,102599.3,0.76371928
1762578000000,102580.1,102742.5,102361.1,102361.1,1.88119919
1762581600000,102339.9,102529.8,102113.9,102256.9,2.34385667
1762585200000,102256.9,102377.3,102000.0,102377.3,1.05396643
1762588800000,102377.4,102672.9,102271.2,102510.0,2.44966159
1762592400000,102476.9,102604.8,102287.8,102415.7,2.21027019
1762596000000,102415.8,102580.1,102362.5,102495.6,1.42578001
1762599600000,102495.6,102640.0,101808.0,101808.0,2.99788386
1762603200000,101912.0,102084.6,101808.1,102037.1,2.35257322
1762606800000,102075.8,102204.2,101800.1,101903.2,3.74335807
1762610400000,101853.5,102070.3,101567.0,101920.7,3.87023473
1762614000000,101902.8,101967.4,101547.2,101731.4,3.95063138
1762617600000,101726.0,101944.8,101592.3,101858.9,4.91341419
1762621200000,101858.7,102024.0,101640.9,102024.0,2.50582557
1762624800000,102006.7,102228.6,101865.7,102225.0,3.16065522
1762628400000,102195.4,102195.4,101547.2,101974.6,1.50755426
1762632000000,101991.3,102168.6,101985.4,102061.4,1.14919428
1762635600000,102074.2,102375.0,102070.5,102308.4,1.00880792
1762639200000,102308.5,102435.3,102265.0,102408.8,0.69578935
1762642800000,102408.8,102482.2,102311.7,102323.7,0.41721268
1762646400000,102321.8,102338.2,101701.2,101811.3,4.07171751
1762650000000,101817.9,102113.1,101711.9,102110.8,1.70914676
1762653600000,102054.9,102054.9,101696.7,101696.7,1.99226026
1762657200000,101656.2,101787.6,101475.9,101656.4,2.82186129
1762660800000,101649.0,102092.5,101649.0,101739.4,2.63065438
1762664400000,101734.5,101934.8,101730.5,101903.8,0.90941758
1762668000000,101935.3,101967.5,101735.4,101745.2,0.1965592
1762671600000,101764.5,101937.6,101674.9,101937.6,1.16591201
1762675200000,101950.1,102032.7,101853.4,101941.0,0.30430509
1762678800000,101983.0,102123.3,101641.7,101656.0,0.16873925
1762682400000,101656.3,101923.2,101554.8,101878.4,0.19042906
1762686000000,101888.1,102305.9,101888.1,102208.4,1.3585227
1762689600000,102246.6,102377.3,102076.0,102076.0,1.26709105
1762693200000,102088.8,102999.4,102076.9,102908.4,1.3265515
1762696800000,102923.7,104035.3,102797.5,102970.5,3.55530586
1762700400000,103030.8,104164.9,103030.8,103760.1,2.21704627
1762704000000,103772.0,103881.0,103355.0,103849.9,0.8304092
1762707600000,103849.9,103911.4,103417.5,103619.9,1.24197294
1762711200000,103658.1,104499.3,103583.4,104499.3,1.64185916
1762714800000,104500.0,104804.0,104204.7,104761.4,26.28092538
1762718400000,104815.4,104993.9,104440.9,104635.2,12.35153366
1762722000000,104628.7,104770.2,104376.9,104490.6,1.68058495
1762725600000,104490.7,104770.3,104159.9,104673.8,3.21154087
1762729200000,104750.5,105423.7,104543.2,104745.7,2.9678585
1762732800000,104731.6,106436.8,104304.8,106302.4,15.09697419
1762736400000,106307.0,106613.1,105761.0,105761.0,2.7111393
1762740000000,105725.3,105941.4,105609.2,105887.3,2.53561421
1762743600000,105987.7,106174.6,105844.5,106052.1,0.62870896
1762747200000,106045.3,106265.4,105901.7,106204.2,2.20988919
1762750800000,106172.3,106435.9,106017.1,106081.4,1.23676707
1762754400000,106081.4,106313.0,106011.3,106185.6,1.1774067
1762758000000,106222.0,106501.9,106221.9,106444.5,4.01686011
1762761600000,106444.6,106520.9,105917.4,105955.1,1.11088694
1762765200000,105956.4,106600.0,105956.3,106401.2,1.75374953
1762768800000,106401.3,106425.8,106015.3,106015.3,0.82080534
1762772400000,106049.8,106325.4,106011.4,106200.0,1.59776563
1762776000000,106200.6,106203.8,105908.3,105960.0,5.94274018
1762779600000,105956.8,106536.0,105945.4,106530.0,6.37830452
1762783200000,106530.0,106530.0,104736.9,104944.1,9.90921919
1762786800000,104906.0,105591.5,104711.0,105022.0,6.47327744
1762790400000,105022.0,105352.1,104825.3,105225.2,14.53184675
1762794000000,105248.0,105876.4,105243.8,105856.7,6.80426092
1762797600000,105946.1,106072.9,105633.0,105633.0,8.71948067
1762801200000,105529.7,106011.3,105489.3,105819.9,1.02418947
1762804800000,105828.1,106282.5,105828.1,105950.5,0.77283083
1762808400000,106022.0,106022.0,105320.3,105529.6,1.08455725
1762812000000,105600.1,106060.0,105449.5,106060.0,4.29685121
1762815600000,106060.0,106271.1,105912.1,106013.1,71.39774248
1762819200000,106021.6,106112.0,105642.4,106077.0,5.68979335
1762822800000,106140.9,107403.4,106024.1,106024.1,3.75775601
1762826400000,106123.0,107040.9,105682.9,106665.6,0.74026356
1762830000000,106656.9,107031.0,106389.0,106463.7,1.33320038
1762833600000,106461.2,106505.2,105762.9,105764.5,0.68663354
1762837200000,105764.5,105764.5,105244.7,105425.6,1.00394693
1762840800000,105252.3,105354.5,104937.3,105219.8,81.02852828
1762844400000,105266.4,105271.9,104732.9,104800.0,9.44275757
1762848000000,104800.1,105198.6,104800.0,105133.6,2.06478721
1762851600000,105166.5,105458.8,104953.7,104955.9,2.20893117
1762855200000,104957.5,105184.1,104917.1,105068.6,5.80858559
1762858800000,105166.4,105494.3,105166.3,105317.4,0.81034258
1762862400000,105311.1,105458.9,104427.7,104525.6,13.57791336
1762866000000,104547.7,104697.8,104114.5,104378.0,4.02437944
1762869600000,104413.7,104619.1,103903.6,104579.5,13.23345306
1762873200000,104579.5,104579.5,103268.3,103490.9,6.05501951
1762876800000,103491.0,103685.6,103268.4,103417.6,0.37466059
1762880400000,103417.6,103617.9,102825.1,103362.1,3.52483737
1762884000000,103362.1,103541.5,103092.5,103422.5,0.64037858
1762887600000,103404.9,103417.5,102900.0,103320.0,1.65594539
1762891200000,103135.3,103225.6,102707.5,102707.5,4.45411148
1762894800000,102798.4,103075.8,102483.9,102756.0,3.97067196
1762898400000,102667.3,103150.0,102526.5,102997.9,3.81980177
1762902000000,103005.0,103175.8,102764.9,103113.4,5.60642306
1762905600000,103113.5,103268.3,102900.0,102907.8,0.9310539
1762909200000,102900.1,103350.7,102761.8,103298.6,2.09256537
1762912800000,103258.7,103408.1,102968.8,103203.3,0.58451365
1762916400000,103154.1,103432.9,103108.1,103254.6,1.43317965
1762920000000,103254.7,103426.8,103115.1,103220.9,3.25808236
1762923600000,103257.8,103414.3,103257.8,103373.3,0.1921077
1762927200000,103398.8,103572.5,103369.5,103449.1,0.48363991
1762930800000,103363.3,103551.2,103078.6,103078.6,0.96231838
1762934400000,103127.2,104183.3,103127.2,104056.3,1.91913238
1762938000000,104129.7,104999.9,104129.7,104468.1,3.09167926
1762941600000,104509.0,104945.8,104509.0,104882.7,0.55344795
1762945200000,104884.2,105170.6,104767.5,104988.8,4.92575289
1762948800000,105025.0,105281.1,104867.5,105006.4,2.82987477
1762952400000,105009.4,105165.1,104650.7,105035.5,3.00735738
1762956000000,105035.6,105035.6,103701.7,103950.8,10.9527951
1762959600000,103996.9,104293.7,102011.8,102114.6,5.01030535
1762963200000,102186.8,102244.6,101332.7,101477.2,4.30035152
1762966800000,101432.1,102104.3,101432.1,101766.9,3.47366329
1762970400000,101767.2,101902.8,101473.6,101558.5,1.28637147
1762974000000,101555.7,101566.0,100882.6,101272.0,6.60314798
1762977600000,101272.1,101756.9,101201.5,101546.1,2.4612524
1762981200000,101557.7,101919.4,101538.1,101919.4,10.04633816
1762984800000,101934.8,101987.1,101514.0,101972.4,0.79135285
1762988400000,101992.4,101992.4,101541.9,101650.4,1.2764321
1762992000000,101654.4,102010.2,101500.1,101917.0,3.2399208
1762995600000,101866.5,102598.7,101866.5,101968.0,3.44093614
1762999200000,102022.5,102351.1,101977.1,102091.4,1.06275357
1763002800000,102072.3,102526.8,101000.0,102275.8,3.17035166
1763006400000,102229.8,102345.8,101696.8,102102.7,0.76343976
1763010000000,102131.9,103324.7,101886.5,103204.2,1.83082205
1763013600000,103151.8,103617.0,102968.6,103601.9,2.29988422
1763017200000,103599.1,103998.6,103327.6,103484.9,2.77504471
1763020800000,103483.7,103737.6,103392.9,103698.3,2.7223893
1763024400000,103675.5,103719.5,102545.0,102810.8,4.41950119
1763028000000,102843.1,103268.2,102807.0,102943.3,2.05364245
1763031600000,102995.2,103115.1,102774.6,102975.8,3.80673663
1763035200000,102938.6,103268.1,102798.2,103151.1,1.57513067
1763038800000,103140.2,103146.3,102193.5,102315.0,8.47013585
1763042400000,102331.6,103417.5,101814.2,102963.9,1.8901815
1763046000000,102899.3,102939.3,101290.4,101340.2,2.27928117
1763049600000,101399.1,101422.6,100618.7,100627.3,18.06196845
1763053200000,100628.3,100758.7,99643.8,99643.8,16.76171511
1763056800000,99644.4,99836.2,98000.0,98604.9,115.55807684
1763060400000,98604.9,99280.8,98338.1,98682.8,14.62945857
1763064000000,98694.2,98986.2,98036.9,98148.2,6.7154025
1763067600000,98183.8,98916.3,98067.6,98825.7,11.42343032
1763071200000,98827.1,99948.3,98788.0,99799.5,5.99869949
1763074800000,99877.7,100501.7,99590.0,99740.5,6.34655673
1763078400000,99700.1,99750.1,98747.4,99002.7,6.14367447
1763082000000,98983.3,99506.2,98717.6,99250.3,5.25858942
1763085600000,99252.9,99840.1,99252.9,99664.5,3.14905029
1763089200000,99594.3,99594.3,98811.2,99138.4,4.14946827
1763092800000,99152.3,99152.3,96502.3,97814.3,28.97687393
1763096400000,97826.6,98003.9,97180.0,97537.8,3.5989709
1763100000000,97531.0,97548.5,96003.1,97548.5,36.33320593
1763103600000,97548.4,97662.0,96910.9,97165.0,9.20022081
1763107200000,97149.5,97398.4,96858.9,97392.6,8.88527445
1763110800000,97392.6,97549.5,96758.0,96859.9,3.956678
1763114400000,96860.0,97287.0,96700.0,96703.2,14.22179451
1763118000000,96711.0,96884.1,95777.1,96131.8,21.68287005
1763121600000,96131.9,96131.9,94510.7,95322.0,36.52670669
1763125200000,95357.3,95623.7,94575.7,95095.8,18.78358272
1763128800000,95243.1,96700.0,95103.3,96516.1,15.34968884
1763132400000,96516.1,97218.2,95896.5,96771.1,13.58836526
1763136000000,96771.1,97325.0,96263.0,97025.3,10.77831958
1763139600000,97020.1,97137.2,95753.4,95797.8,9.95500753
1763143200000,95865.8,96256.2,95025.9,95061.3,3.60875441
1763146800000,95069.4,95886.5,94879.5,95696.2,4.35306097
1763150400000,95696.2,95876.3,94237.8,94320.8,3.98782088
1763154000000,94380.0,95122.7,94299.0,95090.4,2.68527605
1763157600000,95055.4,95479.2,94797.0,95126.7,3.83890435
1763161200000,95180.6,95180.6,94100.0,94599.5,4.43226091
1763164800000,94591.0,95336.0,94589.3,95046.5,59.78892541
1763168400000,95108.6,95697.4,94750.9,95630.5,1.93976739
1763172000000,95630.6,96435.2,95458.1,96435.2,4.33645657
1763175600000,96435.3,96771.0,96115.1,96405.4,2.79000838
1763179200000,96417.9,96491.0,96026.2,96128.8,0.53007402
1763182800000,96108.7,96423.7,96029.4,96313.4,3.42479226
1763186400000,96342.0,96518.2,96041.7,96150.3,0.35801196
1763190000000,96117.1,96345.3,95992.7,96336.1,4.12493219
1763193600000,96326.1,96335.0,95676.6,95905.1,1.457222
1763197200000,95902.3,96074.7,95700.8,95872.6,0.35165219
1763200800000,95805.2,96027.5,95712.2,96006.6,0.4870686
1763204400000,95942.4,95968.4,95676.6,95682.7,0.34944624
1763208000000,95689.3,95837.9,95591.0,95819.9,1.62586265
1763211600000,95810.8,96330.2,95734.5,96330.2,1.11275291
1763215200000,96352.7,96462.5,96120.0,96227.5,10.8220422
1763218800000,96251.1,96409.0,96100.7,96274.8,3.80736885
1763222400000,96267.3,96309.0,95748.0,96146.2,3.14643688
1763226000000,96163.3,96322.9,95884.4,96194.0,1.63333926
1763229600000,96249.0,96290.8,95982.6,95982.6,3.67944639
1763233200000,96065.5,96158.0,95951.2,96052.9,0.27198301
1763236800000,96003.5,96010.7,95127.5,95255.5,2.28703256
1763240400000,95278.6,95593.9,95150.1,95230.2,0.53646009
1763244000000,95291.4,95580.0,95291.4,95579.9,2.23465485
1763247600000,95580.0,95716.9,95517.5,95605.6,1.12883443
1763251200000,95610.6,95689.3,95250.0,95479.0,2.34127723
1763254800000,95383.8,95463.2,94906.6,95342.1,7.34759856
1763258400000,95319.9,95930.4,95146.6,95930.4,0.50250724
1763262000000,95903.4,95935.0,95738.5,95751.5,0.56448171
1763265600000,95822.6,95909.9,95684.6,95800.0,0.15398897
1763269200000,95800.0,96103.0,95799.9,95902.3,0.35833749
1763272800000,95881.8,95990.9,95794.6,95798.0,0.12458398
1763276400000,95823.8,96000.0,95762.4,96000.0,0.84744878
1763280000000,96087.8,96172.8,95853.9,96103.3,8.04214089
1763283600000,96126.9,96595.1,95954.8,96595.0,4.46388152
1763287200000,96595.1,96595.1,96361.2,96435.6,1.39267366
1763290800000,96447.2,96450.3,95559.7,95627.0,0.81716173
1763294400000,95642.7,95892.0,95500.0,95697.7,18.71451213
1763298000000,95756.2,95793.3,95207.0,95390.0,1.43790256
1763301600000,95390.0,95633.7,95321.9,95569.8,0.23856894
1763305200000,95533.5,95550.1,94454.5,94543.6,10.52218948
1763308800000,94589.7,94971.2,94095.5,94191.8,35.33765922
1763312400000,94191.9,94521.1,93800.0,94407.1,13.09788218
1763316000000,94382.4,95524.6,93803.2,94027.5,36.15439546
1763319600000,94027.5,94555.0,94000.1,94001.0,21.71290385
1763323200000,94028.9,94656.4,94028.0,94249.4,2.57778161
1763326800000,94152.1,94189.9,93309.6,93495.6,12.82576024
1763330400000,93500.5,94400.0,93023.0,94179.9,27.83499889
1763334000000,94192.7,94515.9,93057.0,94288.2,0.96961367
1763337600000,94288.2,95355.1,93805.6,95191.5,8.88396416
1763341200000,95251.6,95425.8,94770.2,94818.8,0.79966316
1763344800000,94778.4,95417.1,94778.4,94978.7,16.09465794
1763348400000,94993.6,95520.0,94986.8,95511.2,33.5895464
1763352000000,95516.4,95520.0,94961.6,95188.9,1.37472667
1763355600000,95112.6,95223.5,94924.0,95173.5,5.69095626
1763359200000,95156.1,95246.0,94944.8,95246.0,0.65388406
1763362800000,95275.7,95800.0,95222.6,95729.6,9.73009364
1763366400000,95659.6,95955.4,95589.3,95602.3,7.29144484
1763370000000,95646.1,95862.0,95352.9,95668.8,1.54975812
1763373600000,95655.9,95852.1,95594.3,95641.2,3.59387591
1763377200000,95648.5,95864.9,95387.6,95579.4,1.59311697
1763380800000,95569.9,95569.9,95279.9,95279.9,0.65194831
1763384400000,95320.1,95346.9,93600.0,93883.8,9.84852743
1763388000000,93958.5,95999.7,93798.8,94690.4,12.4811199
1763391600000,94767.3,94971.3,93900.0,93985.2,7.7733719
1763395200000,93976.1,94371.0,93110.0,94316.4,26.49411344
1763398800000,94316.5,94361.2,92706.0,92736.9,13.528936
1763402400000,92772.9,93139.3,92467.1,92560.4,3.83267797
1763406000000,92548.3,92600.6,91637.5,91660.2,14.50561265
1763409600000,91656.2,92134.5,91350.0,91998.6,24.91366202
1763413200000,91949.9,92214.1,91582.9,91927.5,8.72526751
1763416800000,91948.2,92345.2,91792.5,92250.0,9.29422383
1763420400000,92250.1,92250.1,91825.5,92210.9,1.2968297
1763424000000,92195.3,92317.8,91234.0,92112.4,7.23729602
1763427600000,92134.5,92215.3,91638.9,91757.7,4.17335668
1763431200000,91713.0,91762.5,90777.2,90777.2,19.23375364
1763434800000,90872.3,90918.1,89750.0,90855.5,29.23585711
1763438400000,90848.1,90848.1,89351.5,90097.0,19.01980018
1763442000000,90086.3,90442.8,89770.6,90208.0,8.73491727
1763445600000,90225.5,90225.5,89395.5,89639.1,9.40349675
1763449200000,89650.2,90539.0,89371.9,90496.7,7.32539654
1763452800000,90505.0,91424.8,90505.0,91216.3,2.82457365
1763456400000,91214.2,91454.2,90901.1,91454.2,10.15779213
1763460000000,91428.6,91594.3,91268.8,91573.7,11.01698817
1763463600000,91572.2,91615.1,91223.5,91544.0,10.00685098
1763467200000,91525.7,91856.7,91141.8,91483.1,20.3024381
1763470800000,91501.3,91585.3,91000.0,91508.3,5.28005158
1763474400000,91499.8,92452.8,91181.9,91471.7,21.1323835
1763478000000,91374.0,93000.0,91066.4,92954.9,21.82788256
1763481600000,92953.8,93811.4,92620.6,93471.5,15.41314208
1763485200000,93513.4,93609.6,92900.0,93274.8,13.27109829
1763488800000,93273.3,93738.5,93149.2,93374.9,9.7645661
1763492400000,93339.9,93586.6,93030.5,93114.2,2.71532526
1763496000000,93181.0,93279.6,92688.7,92798.3,8.62778578
1763499600000,92798.3,93023.1,92447.2,92487.5,9.78567116
1763503200000,92491.8,93382.4,92486.5,93180.0,1.94436174
1763506800000,93154.7,93154.7,92740.5,93056.2,5.54472712
1763510400000,92965.3,92977.3,92000.0,92500.0,10.00092383
1763514000000,92465.3,92534.5,92000.0,92447.9,1.24643053
1763517600000,92457.8,92802.1,92377.2,92686.2,2.87948313
1763521200000,92574.6,92634.6,92534.6,92534.6,0.45386801
1763524800000,92534.5,92534.5,91603.9,91603.9,7.84329909
1763528400000,91506.3,91506.3,90040.9,90420.9,6.70724766
1763532000000,90421.0,91056.0,90303.2,91005.2,8.40048632
1763535600000,90995.7,92001.1,90991.5,91903.1,1.86150187
1763539200000,91860.0,91916.4,91367.0,91462.7,0.35430742
1763542800000,91467.3,91497.1,91105.7,91489.0,2.15326971
1763546400000,91526.1,91649.9,91298.5,91347.4,1.3792537
1763550000000,91325.4,91736.2,91325.4,91424.3,0.45884462
1763553600000,91448.2,91814.7,91310.5,91779.3,1.75472856
1763557200000,91773.0,91852.3,91332.1,91405.5,2.28240425
1763560800000,91405.2,91832.8,91096.4,91591.2,2.73182146
1763564400000,91733.3,92305.6,89901.0,89944.2,19.09109293
1763568000000,89944.5,90220.3,89507.0,89938.7,38.85134573
1763571600000,89910.8,90077.2,88902.3,89560.7,18.00932711
1763575200000,89509.8,89678.5,88800.0,89253.5,6.83598299
1763578800000,89253.5,89337.6,88670.5,88879.6,4.05028064
1763582400000,88887.3,89640.9,88636.6,89564.2,3.53272571
1763586000000,89536.8,90768.3,89499.6,90635.6,8.23736463
1763589600000,90612.6,90612.6,90150.0,90489.6,2.44589163
1763593200000,90490.6,91596.0,90490.6,91579.9,8.60331713
1763596800000,91550.1,92232.0,91259.9,91950.5,3.86217818
1763600400000,91859.3,92668.2,91859.3,92533.2,7.32500015
1763604000000,92572.4,92756.4,92377.7,92660.0,1.5534899
1763607600000,92602.4,92715.8,92399.7,92513.2,4.08550733
1763611200000,92448.1,92865.0,92180.7,92865.0,4.07064542
1763614800000,92923.1,93116.5,92539.0,92638.6,2.44236922
1763618400000,92638.7,92795.8,91738.3,91926.5,1.69990664
1763622000000,91975.6,92412.0,91840.2,92351.2,3.90094625
1763625600000,92321.1,92359.0,92038.2,92041.4,1.16153593
1763629200000,92126.1,92126.1,91500.0,91831.8,2.54049718
1763632800000,91932.5,92002.8,91652.6,91800.0,1.13753335
1763636400000,91800.0,92002.1,91520.2,92002.0,3.60330245
1763640000000,92002.1,92002.1,91730.5,91842.1,8.11318697
1763643600000,91842.2,92475.5,91500.1,91688.8,15.21124024
1763647200000,91527.4,91603.9,90512.3,91163.7,19.70745306
1763650800000,91113.7,91113.7,89858.2,89858.2,6.24563202
1763654400000,89859.8,89859.8,87531.3,87846.8,126.57627762
1763658000000,87846.9,88101.0,86199.5,87275.1,22.32606943
1763661600000,87221.2,87737.8,86364.6,86531.8,20.2356341
1763665200000,86502.0,87072.0,86147.2,86893.7,12.91114019
1763668800000,86915.5,87132.0,86389.3,86389.3,10.49307223
1763672400000,86471.7,87710.8,86471.7,87323.3,6.62344688
1763676000000,87297.3,88228.2,87285.1,88212.9,2.00138221
1763679600000,88087.7,88087.7,86552.6,86599.1,8.11190828
1763683200000,86627.1,87474.1,86595.6,87220.3,4.49669989
1763686800000,87279.2,87434.7,86871.2,87118.5,2.50324283
1763690400000,87046.6,87046.6,85382.7,85540.8,13.45265919
1763694000000,85484.6,86088.8,85484.6,85846.8,7.48520624
1763697600000,85824.5,86060.6,85480.7,86016.1,7.00267409
1763701200000,86059.5,86352.4,85861.6,86210.5,82.73686884
1763704800000,86197.6,86213.1,85550.0,85581.5,6.04665417
1763708400000,85581.1,85664.0,81950.0,84067.6,194.8573344
1763712000000,84060.3,84728.3,83621.4,83711.3,29.43455701
1763715600000,83660.6,83948.6,82155.8,82309.2,27.06380396
1763719200000,82204.7,82856.3,81730.8,82750.8,31.29350826
1763722800000,82700.2,83316.3,82228.4,82336.6,24.5415215
1763726400000,82329.2,83603.9,80676.8,83281.9,45.37827049
1763730000000,83300.0,84352.4,83156.4,84133.8,13.43970349
1763733600000,84134.9,85469.3,83600.0,84874.5,45.4217973
1763737200000,84897.1,84897.1,82800.4,82800.4,37.4689639
1763740800000,82940.5,84854.5,82438.4,84854.5,14.49353812
1763744400000,84872.1,85534.1,84659.9,84853.3,9.91662401
1763748000000,84883.6,85042.2,83341.9,84633.9,11.59735238
1763751600000,84581.7,84977.1,84195.0,84232.6,4.05070018
1763755200000,84208.4,84617.6,83517.4,84566.8,4.04835715
1763758800000,84566.0,85409.2,84454.9,85177.1,3.93660061
1763762400000,85185.1,85336.9,84260.9,84260.9,4.57601085
1763766000000,84304.4,85319.0,84122.4,85139.4,0.70174705
1763769600000,85150.1,85572.1,84631.9,84731.6,4.09567089
1763773200000,84740.5,85149.2,84679.2,85069.5,1.0130792
1763776800000,85190.3,85190.3,84286.1,84470.6,0.68641284
1763780400000,84487.7,84604.7,84256.0,84475.1,1.3575542
1763784000000,84450.1,84452.1,83846.3,84246.9,2.07573177
1763787600000,84242.8,84294.7,83917.4,84261.1,2.4598146
1763791200000,84282.9,84800.1,84122.6,84713.7,0.44867481
1763794800000,84665.5,84665.5,84440.0,84578.1,0.70202602
1763798400000,84590.5,84590.5,83941.6,84045.5,2.8911757
1763802000000,84030.0,84266.9,83892.1,83904.5,15.89512737
1763805600000,83938.3,84199.9,83550.9,83716.8,18.91656288
1763809200000,83706.9,84301.7,83674.1,84167.6,2.47028868
1763812800000,84122.6,84122.6,83609.5,83847.9,1.23622879
1763816400000,83886.6,84100.0,83710.0,83936.8,1.93568282
1763820000000,83953.5,84617.3,83953.5,84480.5,1.44146478
1763823600000,84494.1,84494.1,84023.9,84244.4,1.73629651
1763827200000,84294.3,84887.2,84261.8,84743.4,0.63998927
1763830800000,84743.4,84743.4,84487.8,84588.0,0.50324154
1763834400000,84558.9,84655.1,84475.0,84655.1,0.82943088
1763838000000,84668.1,84786.3,84549.9,84639.8,1.08557655
1763841600000,84608.5,84782.1,84248.0,84457.5,0.96557103
1763845200000,84481.8,84502.1,84263.1,84407.1,3.26286284
1763848800000,84409.9,85199.1,84310.1,85111.2,3.7757747
1763852400000,85100.4,85143.2,84677.7,84677.7,2.46661892
1763856000000,84744.0,85222.9,84668.1,84913.1,0.40397677
1763859600000,84983.0,86130.8,84963.3,85854.2,21.72919961
1763863200000,85883.2,86306.3,85721.5,86000.1,4.36442942
1763866800000,86000.5,86297.8,85842.5,86297.8,2.38496812
1763870400000,86306.4,86799.3,86140.6,86539.9,2.71686083
1763874000000,86554.7,86554.7,86037.6,86337.8,1.44172367
1763877600000,86370.0,86505.0,85875.0,85929.4,6.13397499
1763881200000,85868.4,85885.9,85494.4,85783.5,0.86298677
1763884800000,85781.9,86179.7,85781.9,86157.8,0.81610653
1763888400000,86152.8,86444.0,86105.7,86392.0,2.83319144
1763892000000,86392.1,86392.1,86139.3,86256.7,3.37078538
1763895600000,86088.9,86459.6,85848.7,86347.8,2.63900769
1763899200000,86351.0,86887.9,86330.1,86500.0,1.72553715
1763902800000,86544.4,86892.7,86364.0,86892.7,0.73583858
1763906400000,86892.7,87176.2,86522.5,86560.9,7.07965143
1763910000000,86556.1,87162.8,86500.1,87089.1,4.13896052
1763913600000,87089.1,87506.3,86712.7,86712.7,3.62962081
1763917200000,86712.7,86924.2,86534.9,86770.4,4.48075836
1763920800000,86778.6,87214.8,86727.4,87005.1,0.78000907
1763924400000,87006.4,87751.1,86964.2,87467.2,11.08748927
1763928000000,87341.1,87696.2,87303.8,87501.6,3.5206253
1763931600000,87496.7,87940.0,87225.2,87939.9,3.0091761
1763935200000,87940.0,88072.3,87650.1,87952.5,2.10349503
1763938800000,87976.6,88023.2,86762.6,86841.6,2.97261708
1763942400000,86840.6,87138.2,86000.1,86748.1,14.50785149
1763946000000,86741.6,87060.9,86410.2,87060.9,1.49226655
1763949600000,87080.3,88039.7,87034.1,87479.3,3.72080017
1763953200000,87479.4,87728.2,87208.3,87467.1,0.73795681
1763956800000,87467.2,87589.3,86502.8,86757.4,1.33405348
1763960400000,86745.9,87773.1,86745.9,87467.1,0.26897358
1763964000000,87467.2,87510.5,86808.9,86958.3,3.26773752
1763967600000,86906.4,87280.4,86779.9,87027.5,4.59486782
1763971200000,87052.8,87052.8,86738.0,86945.5,4.03148491
1763974800000,86969.0,86969.0,85886.7,85941.9,2.13957431
1763978400000,85964.6,86088.8,85753.5,86049.9,1.23774693
1763982000000,86049.9,86367.1,85924.7,86269.7,3.87521624
1763985600000,86277.2,86336.2,85898.1,86031.8,2.53087182
1763989200000,86014.3,86543.3,85985.6,86115.6,3.54323399
1763992800000,86115.6,86593.9,85300.0,86088.8,11.35961109
1763996400000,86183.1,86712.5,86000.4,86628.1,4.34052111
1764000000000,86626.6,87646.8,86626.6,87215.1,3.44534089
1764003600000,87215.1,88406.8,86965.2,88404.2,6.33682618
1764007200000,88385.6,88715.8,88254.3,88714.4,12.3769363
1764010800000,88732.3,88847.2,88112.6,88255.8,6.9018777
1764014400000,88349.9,89237.4,88349.9,89163.9,9.19985295
1764018000000,89097.3,89137.7,88720.2,88801.4,5.25784984
1764021600000,88768.6,89030.5,88608.4,88666.3,1.68012323
1764025200000,88648.7,88701.1,88251.3,88317.3,2.27812095
1764028800000,88317.4,88317.4,87877.6,88097.3,2.26158152
1764032400000,88110.6,88182.8,87776.6,87802.6,2.24707395
1764036000000,87756.4,87917.0,87500.6,87917.0,1.80229278
1764039600000,87921.9,87983.7,87620.0,87821.8,0.74789652
1764043200000,87821.8,88459.0,87798.7,88400.0,4.62997128
1764046800000,88400.1,88400.1,88015.4,88172.1,1.37159694
1764050400000,88126.8,88149.7,87846.9,87994.7,0.65600919
1764054000000,88000.0,88000.0,87410.0,87410.2,6.29342113
1764057600000,87410.2,87595.1,87064.0,87064.0,9.24273588
1764061200000,87064.0,87251.4,86693.4,87249.4,5.01886705
1764064800000,87242.5,87436.0,87025.4,87428.3,4.47671062
1764068400000,87426.7,87531.5,87346.0,87411.9,4.06765825
1764072000000,87403.0,87720.1,87403.0,87551.2,2.6355608
1764075600000,87551.2,87684.6,86900.1,87089.1,3.79324165
1764079200000,87096.2,87238.3,86201.8,86712.6,5.38596074
1764082800000,86767.4,87217.9,86270.3,86969.2,5.61230068
1764086400000,87001.9,87257.5,86733.7,87155.7,10.96495866
1764090000000,87130.8,88125.0,87095.1,87720.2,8.05181696
1764093600000,87631.2,87820.6,87247.3,87273.8,6.22100339
1764097200000,87239.8,87358.4,86213.3,86912.9,6.02678451
1764100800000,86891.8,87447.5,86766.0,87410.4,5.52909444
1764104400000,87413.5,87413.5,87032.4,87032.4,1.44868563
1764108000000,87037.5,87711.2,86591.0,87711.2,3.28235045
1764111600000,87663.1,87807.7,87317.6,87390.2,4.3199482
1764115200000,87360.1,87734.8,87356.7,87573.1,0.74396497
1764118800000,87582.1,88153.7,87348.5,87894.6,1.94889109
1764122400000,87934.0,88016.6,87685.0,87709.2,0.41921968
1764126000000,87715.7,87894.6,87095.2,87095.2,0.87852432
1764129600000,87133.7,87333.6,86931.5,87274.8,0.55724421
1764133200000,87227.6,87698.5,87227.6,87512.3,0.97138204
1764136800000,87518.1,87846.0,87500.0,87813.3,0.22330655
1764140400000,87794.6,87939.2,87720.3,87939.2,1.2972324
1764144000000,87919.0,87948.0,87418.3,87418.3,6.47527327
1764147600000,87420.6,87436.8,86800.0,86848.0,2.69496111
1764151200000,86843.9,87001.0,86702.4,86963.4,1.59499765
1764154800000,86960.3,87108.9,86897.1,87108.9,0.78415179
1764158400000,87103.4,87167.8,86364.7,86651.2,4.64494886
1764162000000,86651.7,87100.2,86605.1,87100.2,9.77019745
1764165600000,87100.2,87624.6,86815.2,86857.2,3.69241192
1764169200000,86926.7,87327.2,86716.7,86940.3,5.41553388
1764172800000,86986.1,87869.4,86967.0,87791.1,16.17429765
1764176400000,87791.2,89939.1,87720.3,89930.0,63.28699199
1764180000000,89844.9,90407.9,89766.0,90147.6,27.97526356
1764183600000,90147.7,90176.3,89767.0,89988.9,3.10319272
1764187200000,89995.6,90089.5,89518.9,89920.3,22.27765472
1764190800000,89920.4,90477.6,89836.0,90188.5,20.09961294
1764194400000,90203.5,90630.4,90184.6,90420.9,75.34617844
1764198000000,90421.0,90593.8,90354.0,90520.7,0.56486888
1764201600000,90537.0,90561.6,90146.4,90492.0,4.40806731
1764205200000,90494.2,91258.6,90494.2,91196.7,4.38049093
1764208800000,91161.6,91902.9,90944.8,91395.6,5.89378268
1764212400000,91404.7,91612.7,91073.0,91122.6,2.88299033
1764216000000,91122.6,91332.7,91122.5,91296.2,2.10399139
1764219600000,91287.8,91547.3,90942.6,90956.9,2.27241673
1764223200000,90988.1,91407.5,90988.1,91268.1,1.05372149
1764226800000,91257.3,91464.7,91146.8,91430.1,3.00175883
1764230400000,91430.2,91495.0,91266.6,91495.0,3.26028643
1764234000000,91500.6,91928.8,91499.7,91584.1,2.36501916
1764237600000,91569.3,91758.2,91366.9,91644.3,3.23924309
1764241200000,91625.6,91629.5,91380.0,91380.0,2.89929415
1764244800000,91381.3,91462.3,90953.8,90980.0,7.05839048
1764248400000,90991.7,91063.2,90490.8,90850.4,45.51592594
1764252000000,90867.0,91020.2,90609.3,90803.7,7.09324928
1764255600000,90807.1,90944.7,90672.7,90910.0,3.52540575
1764259200000,90944.8,91500.5,90868.9,91472.8,9.37054139
1764262800000,91475.6,91629.2,91333.1,91485.9,4.95871743
1764266400000,91490.2,91838.7,91388.8,91823.1,7.51718806
1764270000000,91823.1,91823.1,91521.8,91528.4,6.02417585
1764273600000,91541.1,91594.4,91373.1,91438.4,6.76452039
1764277200000,91438.4,91583.6,91266.8,91500.0,2.01684485
1764280800000,91421.5,91603.9,91194.9,91323.1,1.02449606
1764284400000,91323.8,91558.6,91236.6,91287.0,0.85730142
1764288000000,91340.3,91406.0,91103.1,91195.6,1.69598023
1764291600000,91222.4,91222.4,90851.8,90876.3,1.24862457
1764295200000,90824.2,91113.0,90661.9,91113.0,2.05078138
1764298800000,91091.3,91306.6,91034.1,91199.9,0.79451588
1764302400000,91200.0,91469.5,91199.9,91428.7,2.80630465
1764306000000,91428.8,91695.3,91293.5,91695.3,0.65979378
1764309600000,91664.2,91664.2,91209.5,91390.2,0.8167387
1764313200000,91306.5,91486.5,90890.9,90973.5,1.42098004
1764316800000,90973.5,91674.7,90951.6,91605.6,2.07482305
1764320400000,91629.0,91787.0,91446.3,91593.1,1.01511765
1764324000000,91605.0,91844.0,91485.2,91799.4,2.22401291
1764327600000,91831.7,91997.8,91100.0,91476.6,5.06342544
1764331200000,91435.8,91692.5,91416.7,91526.6,1.05698713
1764334800000,91526.6,92554.2,91415.3,92292.3,10.01586923
1764338400000,92300.0,93036.2,91886.8,92230.3,15.52655023
1764342000000,92280.8,92784.9,92058.5,92320.1,3.95618346
1764345600000,92377.6,92377.6,90937.1,90937.1,62.25086254
1764349200000,90935.2,91166.0,90201.3,90600.7,20.1897455
1764352800000,90643.0,90900.0,90454.9,90771.7,1.85530672
1764356400000,90800.6,91199.7,90800.6,91165.4,3.63312927
1764360000000,91152.4,91193.8,90930.8,91167.0,1.39521252
1764363600000,91167.1,91242.8,90891.0,90891.0,0.6389948
1764367200000,90891.1,91155.0,90697.7,91114.2,1.41062227
1764370800000,91092.9,91168.1,90888.3,90888.3,1.21059153
1764374400000,90897.4,90969.6,90771.9,90856.1,1.04185408
1764378000000,90894.2,91097.2,90813.6,90889.9,0.25020403
1764381600000,90890.0,90890.0,90530.3,90776.9,2.39732531
1764385200000,90777.0,90875.4,90666.2,90679.8,0.49538384
1764388800000,90679.9,90813.6,90562.0,90813.6,0.51452308
1764392400000,90857.3,90892.6,90764.0,90777.7,0.18497558
1764396000000,90777.8,90812.0,90350.0,90549.2,1.64079229
1764399600000,90604.3,90640.2,90430.0,90572.4,0.9986899
1764403200000,90575.6,90686.0,90486.5,90570.7,0.39864815
1764406800000,90636.7,90675.5,90546.7,90607.4,1.07691367
1764410400000,90607.5,90647.1,90430.1,90625.6,1.18465299
1764414000000,90625.7,90632.2,90497.0,90632.2,0.36921954
1764417600000,90632.3,90826.4,90566.2,90706.3,1.46706907
1764421200000,90706.3,90813.8,90598.2,90783.9,0.64443917
1764424800000,90783.9,90783.9,90630.2,90631.4,2.31708196
1764428400000,90632.4,91076.2,90630.0,91065.6,1.41774392
1764432000000,91067.9,91100.0,90896.9,91018.1,1.38916182
1764435600000,91019.5,91036.8,90500.0,90500.0,1.49526114
1764439200000,90500.1,90732.6,90233.0,90732.1,2.41988688
1764442800000,90732.2,90813.6,90612.7,90645.4,0.45720159
1764446400000,90660.1,90999.9,90475.3,90975.2,0.76064461
1764450000000,90975.2,91000.0,90883.6,90999.9,0.37135386
1764453600000,91000.0,91000.0,90723.5,90745.1,0.62781305
1764457200000,90760.0,90877.6,90724.2,90840.4,0.79014415
1764460800000,90841.3,90904.9,90828.2,90846.2,0.11616448
1764464400000,90905.0,91043.6,90881.5,90914.9,1.20398934
1764468000000,90916.2,91034.1,90813.7,90813.7,1.29188845
1764471600000,90813.7,90939.6,90522.4,90889.7,0.61738552
1764475200000,90908.1,90958.7,90829.2,90873.0,0.56648932
1764478800000,90873.0,90873.0,90706.3,90810.1,0.34890516
1764482400000,90810.1,90943.4,90785.7,90899.0,0.39610118
1764486000000,90899.0,91031.8,90899.0,90954.6,1.46456775
1764489600000,90972.8,91357.8,90972.8,91186.3,4.6340679
1764493200000,91241.6,91613.5,91166.8,91414.2,0.89205882
1764496800000,91414.8,91414.8,91229.0,91237.5,0.91978665
1764500400000,91237.6,91391.7,91022.2,91112.5,0.96748612
1764504000000,91112.6,91471.6,91082.6,91432.7,0.83748015
1764507600000,91440.0,91935.3,91439.9,91789.9,4.36763532
1764511200000,91789.9,91789.9,91337.7,91442.3,1.70973722
1764514800000,91504.3,91600.0,91339.8,91506.6,2.47418446
1764518400000,91506.7,91800.0,91444.7,91800.0,2.22005429
1764522000000,91800.0,91800.0,91400.0,91503.4,2.00913416
1764525600000,91503.4,91503.4,91236.3,91449.7,1.41825808
1764529200000,91467.7,91496.5,91344.2,91481.7,0.8982845
1764532800000,91481.8,91548.3,91181.3,91344.4,0.98947957
1764536400000,91344.4,91344.4,90946.7,91170.7,1.54968514
1764540000000,91173.9,91336.3,91119.8,91207.7,0.21162538
1764543600000,91238.1,91248.3,90420.0,90420.0,7.07093019
1764547200000,90420.1,90420.1,87000.0,87089.1,41.54157997
1764550800000,87002.4,87714.0,87000.0,87254.4,12.62824776
1764554400000,87215.0,87497.2,86535.1,86710.3,6.43086697
1764558000000,86728.3,86815.2,86238.5,86401.6,1.63196752
1764561600000,86404.9,86404.9,85700.5,85810.5,12.65690581
1764565200000,85810.6,86007.4,85670.4,86007.4,2.50286129
1764568800000,86011.1,86319.3,85991.1,86315.3,4.60060861
1764572400000,86243.5,86589.8,86055.2,86529.2,4.5913954
1764576000000,86556.1,86876.7,86403.3,86853.5,1.37343242
1764579600000,86867.6,86901.1,86587.6,86733.1,1.22175974
1764583200000,86721.9,86790.5,86530.0,86629.9,2.66096573
1764586800000,86666.2,86692.2,86185.1,86200.4,3.44454065
1764590400000,86200.4,86206.7,84751.4,85514.6,16.49926756
1764594000000,85424.3,86116.5,85384.1,85973.4,12.47586227
1764597600000,86020.3,86629.7,85890.2,86145.5,10.87553807
1764601200000,86088.9,86119.7,83880.0,84605.5,11.38889113
1764604800000,84674.8,85382.3,84055.2,84506.3,19.46416552
1764608400000,84509.2,85269.4,84469.7,84970.2,3.62682951
1764612000000,84972.7,85500.4,84756.9,85269.7,5.65741279
1764615600000,85260.2,85263.5,84653.4,85062.8,3.36167231
1764619200000,84986.8,85812.1,84986.8,85461.5,6.12771489
1764622800000,85556.2,86467.6,85540.6,86414.5,4.39454823
1764626400000,86424.1,86870.5,86339.3,86652.5,1.09362551
1764630000000,86652.6,86834.4,86269.3,86334.1,1.24701738
1764633600000,86346.0,86640.4,86232.2,86505.3,3.44451335
1764637200000,86505.4,87322.0,86418.2,86428.2,2.74126329
1764640800000,86488.4,86843.2,86351.6,86535.2,0.54176469
1764644400000,86535.2,87072.7,86211.0,86988.2,0.46780078
1764648000000,86987.3,87248.3,86967.2,87009.4,0.83764998
1764651600000,87009.4,87089.0,86838.0,87020.8,3.67432012
1764655200000,87006.2,87183.8,86885.9,87109.3,0.67727567
1764658800000,87097.4,87104.4,86925.1,87064.2,0.82687675
1764662400000,87064.3,87064.7,86419.4,86433.2,2.199777
1764666000000,86477.4,87009.4,86477.4,86791.5,1.6658341
1764669600000,86773.3,87574.7,86767.5,87319.5,1.21823622
1764673200000,87319.5,87586.7,87021.5,87347.4,10.00201638
1764676800000,87383.1,87530.4,87243.5,87299.5,0.75719349
1764680400000,87299.6,87852.4,87119.6,87724.5,2.58741822
1764684000000,87720.4,89190.8,87596.9,89165.4,17.94587314
1764687600000,89169.3,91176.3,89169.3,90925.8,49.33166788
1764691200000,90925.9,91248.3,90207.4,90761.0,42.9343094
1764694800000,90758.5,91934.3,90756.8,91436.9,22.67024243
1764698400000,91436.9,92183.6,91427.0,91950.3,21.39419261
1764702000000,91943.6,92258.4,91868.9,91872.0,10.65667341
1764705600000,91880.9,91880.9,90778.5,91086.4,13.09378939
1764709200000,91047.1,91637.0,90978.5,91572.7,5.15751094
1764712800000,91557.9,91995.0,91509.6,91964.6,1.83116186
1764716400000,91988.6,91988.6,91279.3,91279.3,1.17640705
1764720000000,91283.9,91736.2,91014.1,91560.8,0.73208697
1764723600000,91601.3,92385.1,91465.0,92167.4,107.61121487
1764727200000,92167.4,92988.7,92167.4,92832.9,10.20186332
1764730800000,92793.9,93000.0,92589.1,92707.8,19.01942476
1764734400000,92664.8,93381.1,92610.7,93306.0,69.91915138
1764738000000,93329.4,93642.8,93162.7,93637.7,4.68194805
1764741600000,93636.0,93965.3,93174.2,93385.4,8.15793474
1764745200000,93436.9,93436.9,92935.1,93007.6,2.23502626
1764748800000,93006.0,98909.4,92763.4,92788.2,88.30931921
1764752400000,92787.1,93210.4,92759.0,93197.8,1.08494228
1764756000000,93197.7,93386.9,92915.0,92947.8,4.68378671
1764759600000,92957.1,93042.1,92705.9,93019.8,2.73143622
1764763200000,93020.0,93020.0,92661.6,92935.3,58.43063927
1764766800000,92929.0,93201.3,92915.5,93157.8,28.88532726
1764770400000,93159.5,93780.1,91704.8,92455.6,123.78648744
1764774000000,92401.1,93017.4,92000.0,92382.8,120.53123767
1764777600000,92384.4,92710.5,91807.9,92267.7,4.57704267
1764781200000,92267.8,93028.9,92219.2,93028.9,9.61350521
1764784800000,92961.3,93500.0,92414.5,92583.2,7.12438829
1764788400000,92638.6,93068.7,92636.0,93024.1,3.37346386
1764792000000,93019.6,93321.5,92864.8,92961.6,3.05305918
1764795600000,92948.8,93700.0,92881.5,93700.0,21.16378113
1764799200000,93700.0,94100.0,93339.9,93712.9,62.85591767
1764802800000,93775.0,94100.0,93439.7,93439.7,7.3696456
1764806400000,93444.0,93444.0,92708.1,93035.1,2.22478553
1764810000000,93063.5,93727.8,93063.5,93205.4,0.87148918
1764813600000,93205.4,94004.6,93205.3,93953.9,0.74891073
1764817200000,93954.0,94004.4,93451.3,93556.6,0.95234265
1764820800000,93556.7,93590.4,93237.5,93321.9,0.42511665
1764824400000,93360.8,93360.8,92792.5,92966.6,80.98287851
1764828000000,92969.3,93353.4,92884.4,93150.8,0.88262487
1764831600000,93154.0,93376.4,92940.0,93376.4,6.1458906
1764835200000,93410.8,93540.9,93108.7,93247.8,0.56852276
1764838800000,93259.1,93605.5,93259.1,93499.3,0.55146642
1764842400000,93499.4,93561.0,93211.3,93260.7,1.76888559
1764846000000,93267.3,93294.8,92741.2,92920.5,2.14175083
1764849600000,92951.9,93172.1,92830.0,93074.9,35.98402847
1764853200000,92997.7,93056.9,92471.7,92539.9,5.84590634
1764856800000,92539.7,92786.5,91875.0,91928.1,1.66550451
1764860400000,91928.1,93233.3,91928.1,93027.4,1.84765943
1764864000000,92975.5,93133.0,92310.2,92431.8,2.22796111
1764867600000,92441.9,92533.5,91825.2,92400.9,6.98172283
1764871200000,92401.0,92528.8,92000.6,92002.6,0.39932223
1764874800000,92124.0,92145.1,90944.8,92015.8,5.43457171
1764878400000,91986.1,92526.9,91801.9,92526.9,1.25935588
1764882000000,92526.0,92668.7,92084.6,92112.8,1.3076373
1764885600000,92146.5,92478.7,92146.5,92415.4,3.04636504
1764889200000,92352.4,92411.5,92115.5,92120.9,1.47793783
1764892800000,92092.1,92425.5,92092.1,92267.7,0.31304348
1764896400000,92298.0,92577.3,92273.0,92357.8,2.5049199
1764900000000,92364.1,92658.7,92300.0,92531.0,0.18980864
1764903600000,92531.1,92583.0,91982.1,92181.4,3.93619245
1764907200000,92176.2,92388.3,91881.3,92053.6,1.26496823
1764910800000,92053.7,92180.7,91912.8,91916.0,0.31661301
1764914400000,91944.6,92274.1,91944.6,92274.1,0.1681085
1764918000000,92276.7,92481.7,92214.5,92228.5,0.42221264
1764921600000,92257.9,92257.9,91975.0,92075.9,1.40637734
1764925200000,92117.0,92117.0,91000.6,91127.8,2.3377264
1764928800000,91150.9,91418.3,91150.8,91320.9,6.97129011
1764932400000,91320.9,91500.0,91169.1,91368.3,0.98567311
1764936000000,91329.4,91380.4,91150.0,91230.6,0.79173367
1764939600000,91243.7,91305.6,90309.9,90477.4,7.5789694
1764943200000,90477.4,90688.8,89972.1,90257.3,6.29058637
1764946800000,90290.6,91414.0,90290.6,90478.2,65.25010658
1764950400000,90475.3,90482.1,88133.4,88808.4,13.74078695
1764954000000,88804.2,89518.2,88652.0,89349.1,6.73524664
1764957600000,89339.4,89769.2,88936.0,89020.7,2.29005708
1764961200000,88946.4,89811.7,88867.8,89792.3,0.37961269
1764964800000,89641.4,89692.2,89253.7,89271.3,6.5903827
1764968400000,89322.4,89489.1,89124.8,89160.8,0.38284678
1764972000000,89176.0,89330.7,88917.0,89268.6,0.81282333
1764975600000,89232.6,89366.2,88948.7,89366.2,0.26372159
1764979200000,89363.8,89428.9,89031.3,89426.1,2.90192918
1764982800000,89426.1,89483.3,89252.1,89321.0,0.70118128
1764986400000,89338.8,89350.0,89209.4,89350.0,0.2993939
1764990000000,89382.5,89771.2,89382.4,89679.3,0.5166259
1764993600000,89670.6,89715.2,89519.8,89690.0,0.39049233
1764997200000,89666.6,89735.2,89530.0,89634.1,0.73417105
1765000800000,89603.9,89757.6,89536.3,89686.5,0.05800555
1765004400000,89689.1,89704.3,89511.7,89637.0,0.73681716
1765008000000,89587.9,89624.9,89236.8,89316.1,0.30429909
1765011600000,89269.8,89657.7,89267.0,89568.3,0.1883221
1765015200000,89577.2,89670.9,89500.0,89508.3,0.6350325
1765018800000,89502.8,89710.0,89500.1,89621.8,0.4561252
1765022400000,89621.9,89631.2,89556.9,89587.7,0.2770095
1765026000000,89587.8,89710.0,89587.7,89643.7,6.76912146
1765029600000,89649.9,90260.4,89649.8,90053.8,2.53730975
1765033200000,90053.7,90053.7,89558.7,89814.5,2.35383068
1765036800000,89770.6,89978.0,89682.4,89715.6,0.62324947
1765040400000,89716.7,89772.3,89641.1,89675.4,0.20618894
1765044000000,89714.6,89767.9,89579.0,89639.0,0.42849725
1765047600000,89656.9,89733.8,89292.4,89409.2,7.34786799
1765051200000,89414.7,89554.7,89351.0,89550.9,0.19536317
1765054800000,89550.9,89567.4,89417.6,89453.3,1.55103761
1765058400000,89438.4,89511.5,89239.0,89285.4,3.74944598
1765062000000,89289.4,89306.9,88945.0,89222.4,0.25892742
1765065600000,89236.9,89552.8,89192.0,89396.3,0.95195331
1765069200000,89396.4,89577.6,89376.8,89376.8,0.34043238
1765072800000,89332.8,89606.2,89332.8,89606.2,0.37058278
1765076400000,89623.2,89726.6,89561.5,89701.6,0.53571134
1765080000000,89701.7,89726.6,89505.0,89546.2,0.49951221
1765083600000,89542.5,89542.5,89439.4,89523.1,0.18325318
1765087200000,89522.0,89712.3,89522.0,89712.3,0.2043712
1765090800000,89720.1,89726.5,89249.6,89382.4,0.19504076
1765094400000,89381.4,89506.7,89202.6,89292.8,0.14746759
1765098000000,89319.7,89390.6,89088.0,89088.0,0.63224688
1765101600000,89114.9,89359.6,89113.8,89247.8,0.09345933
1765105200000,89240.7,89275.1,89169.1,89171.1,0.31688963
1765108800000,89155.5,89511.5,89124.8,89472.8,0.56144844
1765112400000,89472.0,89511.3,88716.7,89064.1,0.75229401
1765116000000,89050.9,89101.5,87741.4,88225.3,20.76054673
1765119600000,88266.3,89735.6,88167.7,89479.0,2.25450888
1765123200000,89557.5,89905.5,89192.2,89905.5,0.6722058
1765126800000,89902.9,91190.5,89683.0,90876.2,3.95157592
1765130400000,90960.2,91731.9,90960.2,91361.5,9.87775579
1765134000000,91367.6,91499.9,91225.2,91369.8,0.6817176
1765137600000,91405.1,91498.2,91317.4,91451.5,0.29707743
1765141200000,91451.6,91452.7,89900.4,90283.4,2.86474285
1765144800000,90238.5,90238.5,89019.8,89592.8,2.65703432
1765148400000,89606.5,90480.1,89551.5,90480.1,1.00189017
1765152000000,90391.3,90399.1,90079.1,90082.4,0.62017232
